date,education,skill,entertainment,selfDevelopment,sleep,currentLoggedInUser
7/1/2021,0,0,0,0,429.4209137,hhANBj74wiclvfuDLGfuDlFZgJ62
7/2/2021,420,0,0,0,418.1972385,hhANBj74wiclvfuDLGfuDlFZgJ62
7/3/2021,0,0,0,0,418.5288311,hhANBj74wiclvfuDLGfuDlFZgJ62
7/4/2021,186,0,0,0,420.0147571,hhANBj74wiclvfuDLGfuDlFZgJ62
7/5/2021,425,0,0,0,421.0673867,hhANBj74wiclvfuDLGfuDlFZgJ62
7/6/2021,180,0,0,0,421.9047941,hhANBj74wiclvfuDLGfuDlFZgJ62
7/7/2021,0,0,0,0,421.2355348,hhANBj74wiclvfuDLGfuDlFZgJ62
7/8/2021,214.39,0,0,0,422.1069052,hhANBj74wiclvfuDLGfuDlFZgJ62
7/9/2021,95,0,0,0,422.979683,hhANBj74wiclvfuDLGfuDlFZgJ62
7/10/2021,137.61,0,0,0,423.2653867,hhANBj74wiclvfuDLGfuDlFZgJ62
7/11/2021,96,0,0,0,424.2278311,hhANBj74wiclvfuDLGfuDlFZgJ62
7/12/2021,345,0,0,35,424.3623533,hhANBj74wiclvfuDLGfuDlFZgJ62
7/13/2021,300,60,0,25,425.22402,hhANBj74wiclvfuDLGfuDlFZgJ62
7/14/2021,483,0,0,60,426.2859459,hhANBj74wiclvfuDLGfuDlFZgJ62
7/15/2021,543,0,0,0,426.7408595,hhANBj74wiclvfuDLGfuDlFZgJ62
7/16/2021,554,0,0,0,427.3766373,hhANBj74wiclvfuDLGfuDlFZgJ62
7/17/2021,0,0,0,0,426.7771929,hhANBj74wiclvfuDLGfuDlFZgJ62
7/18/2021,335,0,0,0,427.715304,hhANBj74wiclvfuDLGfuDlFZgJ62
7/19/2021,416,60,0,0,426.8456743,hhANBj74wiclvfuDLGfuDlFZgJ62
7/20/2021,424,0,0,0,428.2894521,hhANBj74wiclvfuDLGfuDlFZgJ62
7/21/2021,468,0,0,30,427.6855632,hhANBj74wiclvfuDLGfuDlFZgJ62
7/22/2021,305,39,0,60,426.8357114,hhANBj74wiclvfuDLGfuDlFZgJ62
7/23/2021,398,0,0,0,428.091304,hhANBj74wiclvfuDLGfuDlFZgJ62
7/24/2021,220,0,0,10,428.610304,hhANBj74wiclvfuDLGfuDlFZgJ62
7/25/2021,208,0,0,0,427.9566003,hhANBj74wiclvfuDLGfuDlFZgJ62
7/26/2021,472,42,0,76,428.5104892,hhANBj74wiclvfuDLGfuDlFZgJ62
7/27/2021,424,0,0,27,429.4021558,hhANBj74wiclvfuDLGfuDlFZgJ62
7/28/2021,342,0,0,0,429.4625262,hhANBj74wiclvfuDLGfuDlFZgJ62
7/29/2021,387,0,48.52,0,430.0489459,hhANBj74wiclvfuDLGfuDlFZgJ62
7/30/2021,41,100.19,119.23,0,431.355983,hhANBj74wiclvfuDLGfuDlFZgJ62
7/31/2021,438,80,23.57,40,431.7474645,hhANBj74wiclvfuDLGfuDlFZgJ62
8/1/2021,504,127,56.21,0,432.9065385,hhANBj74wiclvfuDLGfuDlFZgJ62
8/2/2021,135,130,118.66,43.56,432.4350571,hhANBj74wiclvfuDLGfuDlFZgJ62
8/3/2021,471.01,92.27,120.07,0,431.7882599,hhANBj74wiclvfuDLGfuDlFZgJ62
8/4/2021,318,243.61,99.26,20,430.5362326,hhANBj74wiclvfuDLGfuDlFZgJ62
8/5/2021,459.45,208.57,85.89,0,431.1385648,hhANBj74wiclvfuDLGfuDlFZgJ62
8/6/2021,483.95,100.55,87.11,0,431.1016101,hhANBj74wiclvfuDLGfuDlFZgJ62
8/7/2021,471,88.46,147.52,0,431.2633937,hhANBj74wiclvfuDLGfuDlFZgJ62
8/8/2021,174.49,93.32,96.57,60,431.8577992,hhANBj74wiclvfuDLGfuDlFZgJ62
8/9/2021,365,51.41,128.11,20,431.3787767,hhANBj74wiclvfuDLGfuDlFZgJ62
8/10/2021,61,134.92,49.26,40.36,431.4090057,hhANBj74wiclvfuDLGfuDlFZgJ62
8/11/2021,477.25,72.73,111.26,30.34,432.2576766,hhANBj74wiclvfuDLGfuDlFZgJ62
8/12/2021,282.91,102.67,274.81,54.54,431.5352725,hhANBj74wiclvfuDLGfuDlFZgJ62
8/13/2021,239,110.32,134.22,3.74,432.0768582,hhANBj74wiclvfuDLGfuDlFZgJ62
8/14/2021,385.26,84.38,235.66,0,432.8408778,hhANBj74wiclvfuDLGfuDlFZgJ62
8/15/2021,0,268.3,298.81,60,434.031452,hhANBj74wiclvfuDLGfuDlFZgJ62
8/16/2021,314,49.5,114.22,60,434.8347167,hhANBj74wiclvfuDLGfuDlFZgJ62
8/17/2021,255,120.47,102.33,60,434.4380685,hhANBj74wiclvfuDLGfuDlFZgJ62
8/18/2021,138,155.41,250.22,0,435.485655,hhANBj74wiclvfuDLGfuDlFZgJ62
8/19/2021,0,0,689.92,0,435.7940835,hhANBj74wiclvfuDLGfuDlFZgJ62
8/20/2021,0,108.37,294,0,436.566918,hhANBj74wiclvfuDLGfuDlFZgJ62
8/21/2021,0,0,519,0,437.1887525,hhANBj74wiclvfuDLGfuDlFZgJ62
8/22/2021,0,0,237.44,0,438.0152585,hhANBj74wiclvfuDLGfuDlFZgJ62
8/23/2021,400,66.5,172.97,0,438.4355475,hhANBj74wiclvfuDLGfuDlFZgJ62
8/24/2021,217,98.76,356.28,60,438.592933,hhANBj74wiclvfuDLGfuDlFZgJ62
8/25/2021,246,64.85,329.78,62,440.4468076,hhANBj74wiclvfuDLGfuDlFZgJ62
8/26/2021,30,0,439.54,0,442.0076178,hhANBj74wiclvfuDLGfuDlFZgJ62
8/27/2021,0,0,740.87,0,442.8423504,hhANBj74wiclvfuDLGfuDlFZgJ62
8/28/2021,0,55.45,102.21,256.3,443.5112413,hhANBj74wiclvfuDLGfuDlFZgJ62
8/29/2021,0,61.24,84.77,75,441.7257055,hhANBj74wiclvfuDLGfuDlFZgJ62
8/30/2021,222,61.1,39.51,160.04,443.2521953,hhANBj74wiclvfuDLGfuDlFZgJ62
8/31/2021,0,144.79,152.51,168.53,443.5268215,hhANBj74wiclvfuDLGfuDlFZgJ62
9/1/2021,326.1,42.84,40.37,134.08,429,hhANBj74wiclvfuDLGfuDlFZgJ62
9/2/2021,303,181.78,96.52,77.7,407.39,hhANBj74wiclvfuDLGfuDlFZgJ62
9/3/2021,0,173.8,321.62,121.33,331,hhANBj74wiclvfuDLGfuDlFZgJ62
9/4/2021,0,293.14,129.02,117.28,389.13,hhANBj74wiclvfuDLGfuDlFZgJ62
9/5/2021,0,222.97,60,98.19,425,hhANBj74wiclvfuDLGfuDlFZgJ62
9/6/2021,372.69,132.01,76.85,109.75,461.2,hhANBj74wiclvfuDLGfuDlFZgJ62
9/7/2021,220,158.58,139.21,105.42,429.11,hhANBj74wiclvfuDLGfuDlFZgJ62
9/8/2021,226.74,125.25,106.42,208.43,425.5,hhANBj74wiclvfuDLGfuDlFZgJ62
9/9/2021,142,91.34,424.29,121.71,433.37,hhANBj74wiclvfuDLGfuDlFZgJ62
9/10/2021,0,156.61,292.91,272.93,407.23,hhANBj74wiclvfuDLGfuDlFZgJ62
9/11/2021,0,298.29,126.48,102.85,413.793,hhANBj74wiclvfuDLGfuDlFZgJ62
9/12/2021,0,163.83,270.52,126.48,420,hhANBj74wiclvfuDLGfuDlFZgJ62
9/13/2021,40.57,236.02,126.92,201.29,386.36,hhANBj74wiclvfuDLGfuDlFZgJ62
9/14/2021,0,217.22,166.51,197.32,430.48,hhANBj74wiclvfuDLGfuDlFZgJ62
9/15/2021,17.02,82.55,517,123.86,436.38,hhANBj74wiclvfuDLGfuDlFZgJ62
9/16/2021,0,69.37,431,147.27,424,hhANBj74wiclvfuDLGfuDlFZgJ62
9/17/2021,0,85.39,233,408.04,425.27,hhANBj74wiclvfuDLGfuDlFZgJ62
9/18/2021,0,285.41,143.54,272.56,481.35,hhANBj74wiclvfuDLGfuDlFZgJ62
9/19/2021,0,232.85,108.35,328.39,451.46,hhANBj74wiclvfuDLGfuDlFZgJ62
9/20/2021,0,324.24,115,245.74,385.35,hhANBj74wiclvfuDLGfuDlFZgJ62
9/21/2021,0,145.46,445.19,116.41,427.07,hhANBj74wiclvfuDLGfuDlFZgJ62
9/22/2021,0,241.01,136,140.14,481.23,hhANBj74wiclvfuDLGfuDlFZgJ62
9/23/2021,0,93.89,149.49,152.07,445.29,hhANBj74wiclvfuDLGfuDlFZgJ62
9/24/2021,0,50.7,113,103.95,511.4166667,hhANBj74wiclvfuDLGfuDlFZgJ62
9/25/2021,83,87.51666667,24.6,116.3666667,388.3666667,hhANBj74wiclvfuDLGfuDlFZgJ62
9/26/2021,0,169.9,141.1166667,266.3,452.8,hhANBj74wiclvfuDLGfuDlFZgJ62
9/27/2021,0,203.6666667,57.06666667,200.6,419,hhANBj74wiclvfuDLGfuDlFZgJ62
9/28/2021,0,303.0166667,60.03333333,224.3166667,412.7,hhANBj74wiclvfuDLGfuDlFZgJ62
9/29/2021,0,203.2333333,83.91666667,184.3333333,393.25,hhANBj74wiclvfuDLGfuDlFZgJ62
9/30/2021,0,226.5,158.4,285.6333333,406.45,hhANBj74wiclvfuDLGfuDlFZgJ62
10/1/2021,0,183.8333333,154,288.9333333,375,hhANBj74wiclvfuDLGfuDlFZgJ62
10/2/2021,0,117.2333333,297,39.1,365.25,hhANBj74wiclvfuDLGfuDlFZgJ62
10/3/2021,0,0,427,0,490,hhANBj74wiclvfuDLGfuDlFZgJ62
10/4/2021,0,87.05,398.8666667,105.0666667,541.9666667,hhANBj74wiclvfuDLGfuDlFZgJ62
10/5/2021,0,115.3833333,445,79.95,378.1333333,hhANBj74wiclvfuDLGfuDlFZgJ62
10/6/2021,0,223.3666667,52,112.5833333,434.3166667,hhANBj74wiclvfuDLGfuDlFZgJ62
10/7/2021,0,133.9,544,68.16666667,417.35,hhANBj74wiclvfuDLGfuDlFZgJ62
10/8/2021,266.4166667,108.5,394,80.16666667,381.3333333,hhANBj74wiclvfuDLGfuDlFZgJ62
10/9/2021,0,0,689,0,471.6166667,hhANBj74wiclvfuDLGfuDlFZgJ62
10/10/2021,0,242.85,286.2,130.45,428.9,hhANBj74wiclvfuDLGfuDlFZgJ62
10/11/2021,0,47.35,56,123.1333333,362.6666667,hhANBj74wiclvfuDLGfuDlFZgJ62
10/12/2021,0,0,445,111.2166667,490.05,hhANBj74wiclvfuDLGfuDlFZgJ62
10/13/2021,0,78.63333333,339,120.2166667,388.75,hhANBj74wiclvfuDLGfuDlFZgJ62
10/14/2021,270.4833333,307.0166667,23,148.7833333,372.4833333,hhANBj74wiclvfuDLGfuDlFZgJ62
10/15/2021,118.05,214.2166667,102,166.4166667,341.1666667,hhANBj74wiclvfuDLGfuDlFZgJ62
10/16/2021,136.2333333,62.13333333,110,105.0166667,372.9833333,hhANBj74wiclvfuDLGfuDlFZgJ62
10/17/2021,32.51666667,161.5,205.3333333,92.9,464.5833333,hhANBj74wiclvfuDLGfuDlFZgJ62
10/18/2021,279.4666667,126.3,366,61.25,356.9166667,hhANBj74wiclvfuDLGfuDlFZgJ62
10/19/2021,0,156.5666667,634,18,412.9703704,hhANBj74wiclvfuDLGfuDlFZgJ62
10/20/2021,64.26666667,360.05,180,88.78333333,380.15,hhANBj74wiclvfuDLGfuDlFZgJ62
10/21/2021,387.2666667,156.3833333,197.8,86.35,392.4166667,hhANBj74wiclvfuDLGfuDlFZgJ62
10/22/2021,0,147.9166667,394,95.88333333,379.3333333,hhANBj74wiclvfuDLGfuDlFZgJ62
10/23/2021,480.75,171.9333333,101.6,103.0666667,409.0153199,hhANBj74wiclvfuDLGfuDlFZgJ62
10/24/2021,226.3833333,225.4666667,117,83.6,427.7333333,hhANBj74wiclvfuDLGfuDlFZgJ62
10/25/2021,361.3,129.8333333,139,98.48333333,314.3833333,hhANBj74wiclvfuDLGfuDlFZgJ62
10/26/2021,266.1666667,209.0833333,48.96666667,67.93333333,337.4333333,hhANBj74wiclvfuDLGfuDlFZgJ62
10/27/2021,456.6833333,134.3666667,100.6166667,56.81666667,387.75,hhANBj74wiclvfuDLGfuDlFZgJ62
10/28/2021,55.43333333,184.4333333,203.8333333,117.7,400.0333333,hhANBj74wiclvfuDLGfuDlFZgJ62
10/29/2021,65.16666667,62.33333333,110.4833333,43.06666667,556,hhANBj74wiclvfuDLGfuDlFZgJ62
10/30/2021,188.25,163.95,143.9666667,37.63333333,347.0833333,hhANBj74wiclvfuDLGfuDlFZgJ62
10/31/2021,0,21.96666667,556,69.9,426.5,hhANBj74wiclvfuDLGfuDlFZgJ62
11/1/2021,264.1166667,132.25,118.9833333,96.95,472,hhANBj74wiclvfuDLGfuDlFZgJ62
11/2/2021,94.93333333,161.1333333,274,220.85,396.6666667,hhANBj74wiclvfuDLGfuDlFZgJ62
11/3/2021,346.1333333,132.9666667,89.68333333,88.85,378.9,hhANBj74wiclvfuDLGfuDlFZgJ62
11/4/2021,75.85,224.9666667,331.65,116.35,342.4666667,hhANBj74wiclvfuDLGfuDlFZgJ62
11/5/2021,137.9336667,87.85,319.65,122.25,395.2666667,hhANBj74wiclvfuDLGfuDlFZgJ62
11/6/2021,174.8166667,57.56666667,423,0,489.1166667,hhANBj74wiclvfuDLGfuDlFZgJ62
11/7/2021,20.43333333,116.9166667,342.85,94.13333333,412.4027778,hhANBj74wiclvfuDLGfuDlFZgJ62
11/8/2021,281.6166667,112.6166667,172.9333333,87.73333333,353.0833333,hhANBj74wiclvfuDLGfuDlFZgJ62
11/9/2021,95.05,172.0833333,109,147.1333333,406.8166667,hhANBj74wiclvfuDLGfuDlFZgJ62
11/10/2021,323.8333333,92.5,229.1,72.45,442.5833333,hhANBj74wiclvfuDLGfuDlFZgJ62
11/11/2021,0,120.3833333,384.6166667,225.5166667,381.1333333,hhANBj74wiclvfuDLGfuDlFZgJ62
11/12/2021,416.4833333,46.3,214.7,73.05,386.5,hhANBj74wiclvfuDLGfuDlFZgJ62
11/13/2021,0,0,664.7166667,62.1,462.7666667,hhANBj74wiclvfuDLGfuDlFZgJ62
11/14/2021,0,124.8833333,197.5,101.7833333,550.1666667,hhANBj74wiclvfuDLGfuDlFZgJ62
11/15/2021,385.8333333,115.4666667,0,97.88333333,485.4,hhANBj74wiclvfuDLGfuDlFZgJ62
11/16/2021,0,45.24333333,655.3,71,415.6666667,hhANBj74wiclvfuDLGfuDlFZgJ62
11/17/2021,87.35,57.55,530.2833333,74.05,448.1333333,hhANBj74wiclvfuDLGfuDlFZgJ62
11/18/2021,342.3333333,51.05,429,93.18333333,299.4833333,hhANBj74wiclvfuDLGfuDlFZgJ62
11/19/2021,176.3333333,24.58333333,430.95,107.4666667,443.1166667,hhANBj74wiclvfuDLGfuDlFZgJ62
11/20/2021,0,277.6,449.1666667,72.66666667,403.5833333,hhANBj74wiclvfuDLGfuDlFZgJ62
11/21/2021,161.65,129.05,298.8166667,89.16666667,371.3333333,hhANBj74wiclvfuDLGfuDlFZgJ62
11/22/2021,205.3666667,55.48333333,505.0666667,80.25,397.2333333,hhANBj74wiclvfuDLGfuDlFZgJ62
11/23/2021,0,166.75,334.7833333,89.23333333,415.2333333,hhANBj74wiclvfuDLGfuDlFZgJ62
11/24/2021,180.3666667,67.81666667,437,69.36666667,421.5166667,hhANBj74wiclvfuDLGfuDlFZgJ62
11/25/2021,171.7666667,138.2833333,417.4833333,93.56666667,460.7666667,hhANBj74wiclvfuDLGfuDlFZgJ62
11/26/2021,0,34.51666667,613.98,11,472.5666667,hhANBj74wiclvfuDLGfuDlFZgJ62
11/27/2021,83.28333333,157.65,341.4833333,100.95,425.2833333,hhANBj74wiclvfuDLGfuDlFZgJ62
11/28/2021,113.1833333,69.98333333,149.4666667,90.7,454.4833333,hhANBj74wiclvfuDLGfuDlFZgJ62
11/29/2021,187.7333333,118.8666667,97,89.11666667,520.4666667,hhANBj74wiclvfuDLGfuDlFZgJ62
11/30/2021,116.7333333,45.98333333,693.1333333,0,428.4,hhANBj74wiclvfuDLGfuDlFZgJ62
12/1/2021,179.6166667,133.95,195.9333333,91.71666667,437.2333333,hhANBj74wiclvfuDLGfuDlFZgJ62
12/2/2021,41.46666667,170.1666667,515.1,97.03333333,464.7333333,hhANBj74wiclvfuDLGfuDlFZgJ62
12/3/2021,14.91666667,128.2333333,525.7833333,79.03333333,483.8666667,hhANBj74wiclvfuDLGfuDlFZgJ62
12/4/2021,143.05,61.98333333,453,72.05,500.3666667,hhANBj74wiclvfuDLGfuDlFZgJ62
12/5/2021,120.7333333,120.7666667,354.5666667,95.65,400.9666667,hhANBj74wiclvfuDLGfuDlFZgJ62
12/6/2021,183.1166667,97.38333333,390.9666667,83.46666667,507.5333333,hhANBj74wiclvfuDLGfuDlFZgJ62
12/7/2021,123.1333333,129.0833333,442.9,58.95,504.05,hhANBj74wiclvfuDLGfuDlFZgJ62
12/8/2021,60.15,67.8,372.4,95.46666667,459.0833333,hhANBj74wiclvfuDLGfuDlFZgJ62
12/9/2021,261.2733333,71.91666667,320.6666667,84.71666667,493.85,hhANBj74wiclvfuDLGfuDlFZgJ62
12/10/2021,0,32,654,0,425.9,hhANBj74wiclvfuDLGfuDlFZgJ62
12/11/2021,0,0,731.45,0,497.55,hhANBj74wiclvfuDLGfuDlFZgJ62
12/12/2021,0,72.9,559,0,481.9333333,hhANBj74wiclvfuDLGfuDlFZgJ62
12/13/2021,124.1666667,104.4833333,463.7,31.18333333,471.4222222,hhANBj74wiclvfuDLGfuDlFZgJ62
12/14/2021,0,277.9666667,353.55,90.31666667,493.6,hhANBj74wiclvfuDLGfuDlFZgJ62
12/15/2021,156.3333333,183.1666667,284.7333333,60.56666667,370.05,hhANBj74wiclvfuDLGfuDlFZgJ62
12/16/2021,0,0,605.0166667,0,509.7,hhANBj74wiclvfuDLGfuDlFZgJ62
12/17/2021,0,122.5,288.4833333,79.38333333,403.0833333,hhANBj74wiclvfuDLGfuDlFZgJ62
12/18/2021,0,133.6166667,558.9166667,18,581.4,hhANBj74wiclvfuDLGfuDlFZgJ62
12/19/2021,0,15.2,655.45,0,331,hhANBj74wiclvfuDLGfuDlFZgJ62
12/20/2021,0,161.2166667,432.8,78.73333333,350.5833333,hhANBj74wiclvfuDLGfuDlFZgJ62
12/21/2021,0,0,451.9666667,0,594.2333333,hhANBj74wiclvfuDLGfuDlFZgJ62
12/22/2021,0,18.55,471,0,492,hhANBj74wiclvfuDLGfuDlFZgJ62
12/23/2021,0,125.9666667,527.0833333,133.9166667,452.5833333,hhANBj74wiclvfuDLGfuDlFZgJ62
12/24/2021,0,4.533333333,454.2833333,65.66666667,438.2166667,hhANBj74wiclvfuDLGfuDlFZgJ62
12/25/2021,0,0,459.4,63.31666667,533.05,hhANBj74wiclvfuDLGfuDlFZgJ62
12/26/2021,0,0,348.95,46.4,424.4333333,hhANBj74wiclvfuDLGfuDlFZgJ62
12/27/2021,0,0,583.8333333,0,465.4777778,hhANBj74wiclvfuDLGfuDlFZgJ62
12/28/2021,0,0,498.2666667,34.75,510.8833333,hhANBj74wiclvfuDLGfuDlFZgJ62
12/29/2021,0,0,113.0166667,136.5833333,441.6833333,hhANBj74wiclvfuDLGfuDlFZgJ62
12/30/2021,0,72.03333333,206.1666667,210.4166667,479.3166667,hhANBj74wiclvfuDLGfuDlFZgJ62
12/31/2021,0,44.35,514.3333333,26.1,322.8166667,hhANBj74wiclvfuDLGfuDlFZgJ62
1/1/2022,0,30.88333333,323.1666667,101.15,457.5333333,hhANBj74wiclvfuDLGfuDlFZgJ62
1/2/2022,0,164.7833333,271.1666667,77.66666667,544.9333333,hhANBj74wiclvfuDLGfuDlFZgJ62
1/3/2022,0,98.86666667,463.1166667,16,429.8166667,hhANBj74wiclvfuDLGfuDlFZgJ62
1/4/2022,0,30.1,575.2166667,67.98333333,479.0166667,hhANBj74wiclvfuDLGfuDlFZgJ62
1/5/2022,0,94.4,64.31666667,90.8,475.5166667,hhANBj74wiclvfuDLGfuDlFZgJ62
1/6/2022,166.8833333,132.4333333,313.25,69.13333333,418.6833333,hhANBj74wiclvfuDLGfuDlFZgJ62
1/7/2022,0,139.1333333,640.1166667,0,400.7833333,hhANBj74wiclvfuDLGfuDlFZgJ62
1/8/2022,0,169.6333333,266.4666667,0,386.25,hhANBj74wiclvfuDLGfuDlFZgJ62
1/9/2022,0,208.5333333,179.9166667,137.9833333,499.1666667,hhANBj74wiclvfuDLGfuDlFZgJ62
1/10/2022,0,185.9833333,322.7,105.7666667,453.4833333,hhANBj74wiclvfuDLGfuDlFZgJ62
1/11/2022,0,251.1166667,202.5666667,136.55,421.6666667,hhANBj74wiclvfuDLGfuDlFZgJ62
1/12/2022,0,225.7,232.4666667,29.03333333,489.9333333,hhANBj74wiclvfuDLGfuDlFZgJ62
1/13/2022,0,57.93333333,56.4,89.08333333,352.4833333,hhANBj74wiclvfuDLGfuDlFZgJ62
1/14/2022,0,207.5666667,210.9833333,135.0666667,422.4333333,hhANBj74wiclvfuDLGfuDlFZgJ62
1/15/2022,0,89.68333333,300.3666667,154.0333333,598.7166667,hhANBj74wiclvfuDLGfuDlFZgJ62
1/16/2022,0,153.15,206.25,12.25,524.6833333,hhANBj74wiclvfuDLGfuDlFZgJ62
1/17/2022,0,202.45,186.4666667,117.55,561.8166667,hhANBj74wiclvfuDLGfuDlFZgJ62
1/18/2022,0,191.2833333,241.1833333,103.5333333,543.4,hhANBj74wiclvfuDLGfuDlFZgJ62
1/19/2022,0,82.86666667,153.1166667,84.85,404.6333333,hhANBj74wiclvfuDLGfuDlFZgJ62
1/20/2022,0,26.98333333,298.1166667,79.96666667,388.1333333,hhANBj74wiclvfuDLGfuDlFZgJ62
1/21/2022,0,138.85,190.45,85.61666667,499.8333333,hhANBj74wiclvfuDLGfuDlFZgJ62
1/22/2022,0,0,946.2166667,0,287.1,hhANBj74wiclvfuDLGfuDlFZgJ62
1/23/2022,0,0,563.1666667,0,416.95,hhANBj74wiclvfuDLGfuDlFZgJ62
1/24/2022,0,75,598.25,20.8,371.45,hhANBj74wiclvfuDLGfuDlFZgJ62
1/25/2022,0,0,344.1,0,414,hhANBj74wiclvfuDLGfuDlFZgJ62
1/26/2022,0,103.1666667,354,95.36666667,515.5333333,hhANBj74wiclvfuDLGfuDlFZgJ62
1/27/2022,0,0,680.35,0,365.3333333,hhANBj74wiclvfuDLGfuDlFZgJ62
1/28/2022,0,0,350.3,0,366.95,hhANBj74wiclvfuDLGfuDlFZgJ62
1/29/2022,0,245.1833333,272.9,112.9166667,452.3833333,hhANBj74wiclvfuDLGfuDlFZgJ62
1/30/2022,0,38.15,324.6166667,147.05,450,hhANBj74wiclvfuDLGfuDlFZgJ62
1/31/2022,0,0,197,77.41666667,465.35,hhANBj74wiclvfuDLGfuDlFZgJ62
2/1/2022,0,192.7666667,191.5166667,85.96666667,478.1166667,hhANBj74wiclvfuDLGfuDlFZgJ62
2/2/2022,0,133.5666667,503,80.18333333,483.3666667,hhANBj74wiclvfuDLGfuDlFZgJ62
2/3/2022,0,98.3,376.4666667,102.4333333,369.1666667,hhANBj74wiclvfuDLGfuDlFZgJ62
2/4/2022,0,145.0333333,460.7666667,55.1,433.1333333,hhANBj74wiclvfuDLGfuDlFZgJ62
2/5/2022,0,67.18333333,581.5166667,74.9,447.6833333,hhANBj74wiclvfuDLGfuDlFZgJ62
2/6/2022,0,0,763,0,549.3333333,hhANBj74wiclvfuDLGfuDlFZgJ62
2/7/2022,0,0,724,0,383.8166667,hhANBj74wiclvfuDLGfuDlFZgJ62
2/8/2022,0,0,805,0,426.15,hhANBj74wiclvfuDLGfuDlFZgJ62
2/9/2022,0,0,436,0,390.7833333,hhANBj74wiclvfuDLGfuDlFZgJ62
2/10/2022,0,0,556,39.31666667,406.25,hhANBj74wiclvfuDLGfuDlFZgJ62
2/11/2022,0,0,279.1333333,85.2,415,hhANBj74wiclvfuDLGfuDlFZgJ62
2/12/2022,0,11.2,561,7.316666667,432.8333333,hhANBj74wiclvfuDLGfuDlFZgJ62
2/13/2022,0,40.13333333,12,8.033333333,445.5666667,hhANBj74wiclvfuDLGfuDlFZgJ62
2/14/2022,0,60.33333333,176.6,0,527.95,hhANBj74wiclvfuDLGfuDlFZgJ62
2/15/2022,0,79.41666667,109.2,60.01666667,526.3833333,hhANBj74wiclvfuDLGfuDlFZgJ62
2/16/2022,0,95.4,305.1666667,28.28333333,367.35,hhANBj74wiclvfuDLGfuDlFZgJ62
2/17/2022,24,133.5166667,191.55,75.5,504.9333333,hhANBj74wiclvfuDLGfuDlFZgJ62
2/18/2022,0,68,377.3,17.43333333,453.05,hhANBj74wiclvfuDLGfuDlFZgJ62
2/19/2022,0,85.93333333,176.1833333,9.816666667,353.55,hhANBj74wiclvfuDLGfuDlFZgJ62
2/20/2022,0,0,354.1166667,0,610.4,hhANBj74wiclvfuDLGfuDlFZgJ62
2/21/2022,0,129.2666667,340.1166667,73.38333333,329.75,hhANBj74wiclvfuDLGfuDlFZgJ62
2/22/2022,77.03333333,133.2,216.6,18.51666667,460,hhANBj74wiclvfuDLGfuDlFZgJ62
2/23/2022,224.5666667,107.2166667,141,131.4666667,485.7166667,hhANBj74wiclvfuDLGfuDlFZgJ62
2/24/2022,204.8166667,128.45,206.0833333,87.38333333,434.95,hhANBj74wiclvfuDLGfuDlFZgJ62
2/25/2022,0,0,461,0,462.8666667,hhANBj74wiclvfuDLGfuDlFZgJ62
2/26/2022,0,51.93333333,221.9833333,11.86666667,480.7833333,hhANBj74wiclvfuDLGfuDlFZgJ62
2/27/2022,0,68.36666667,489.9333333,60.18333333,489.15,hhANBj74wiclvfuDLGfuDlFZgJ62
2/28/2022,349.9666667,90.1,88.51666667,61.41666667,542,hhANBj74wiclvfuDLGfuDlFZgJ62
3/1/2022,0,0,539.7166667,8.683333333,424.6833333,hhANBj74wiclvfuDLGfuDlFZgJ62
3/2/2022,125.0833333,9.35,49.98333333,20.91666667,477.2333333,hhANBj74wiclvfuDLGfuDlFZgJ62
3/3/2022,180.7833333,68.31666667,166,26.9,448,hhANBj74wiclvfuDLGfuDlFZgJ62
3/4/2022,0,128.2833333,216.1166667,84.68333333,457.8833333,hhANBj74wiclvfuDLGfuDlFZgJ62
3/5/2022,0,63.93333333,441,0,510.2166667,hhANBj74wiclvfuDLGfuDlFZgJ62
3/6/2022,0,49.91666667,350.2666667,60.73333333,497.8333333,hhANBj74wiclvfuDLGfuDlFZgJ62
3/7/2022,304.8833333,0,265,0,432,hhANBj74wiclvfuDLGfuDlFZgJ62
3/8/2022,149,56.41666667,137.5166667,61.01666667,344.3166667,hhANBj74wiclvfuDLGfuDlFZgJ62
3/9/2022,198.8833333,96.28333333,162.0833333,36.93333333,495.5333333,hhANBj74wiclvfuDLGfuDlFZgJ62
3/10/2022,143.4833333,10.46666667,326,49.33333333,329.05,hhANBj74wiclvfuDLGfuDlFZgJ62
3/11/2022,0,0,758,0,430.1166667,hhANBj74wiclvfuDLGfuDlFZgJ62
3/12/2022,60.1,0,346,0,336.95,hhANBj74wiclvfuDLGfuDlFZgJ62
3/13/2022,0,0,120,0,387.2666667,hhANBj74wiclvfuDLGfuDlFZgJ62
3/14/2022,158.1333333,0,79,0,452.7166667,hhANBj74wiclvfuDLGfuDlFZgJ62
3/15/2022,112.0666667,0,215,30.03333333,401.35,hhANBj74wiclvfuDLGfuDlFZgJ62
3/16/2022,275.6666667,0,211.2,0,442.1333333,hhANBj74wiclvfuDLGfuDlFZgJ62
3/17/2022,196.75,0,357.2,0,337.5333333,hhANBj74wiclvfuDLGfuDlFZgJ62
3/18/2022,331.1833333,0,426,0,411.1333333,hhANBj74wiclvfuDLGfuDlFZgJ62
3/19/2022,0,0,675.6666667,0,431.45,hhANBj74wiclvfuDLGfuDlFZgJ62
3/20/2022,242.7833333,0,93,0,443.35,hhANBj74wiclvfuDLGfuDlFZgJ62
3/21/2022,307.0666667,0,114,38.08333333,482.55,hhANBj74wiclvfuDLGfuDlFZgJ62
3/22/2022,182.65,0,332,0,390.9833333,hhANBj74wiclvfuDLGfuDlFZgJ62
3/23/2022,265.85,0,336,4.7,388.2,hhANBj74wiclvfuDLGfuDlFZgJ62
3/24/2022,212.8166667,0,194,0,436.3333333,hhANBj74wiclvfuDLGfuDlFZgJ62
3/25/2022,152.9833333,0,126,0,364.4166667,hhANBj74wiclvfuDLGfuDlFZgJ62
3/26/2022,0,0,303,0,520.7166667,hhANBj74wiclvfuDLGfuDlFZgJ62
3/27/2022,0,0,279,0,393.4333333,hhANBj74wiclvfuDLGfuDlFZgJ62
3/28/2022,228.8166667,0,48,0,430.5,hhANBj74wiclvfuDLGfuDlFZgJ62
3/29/2022,311.75,0,135,0,472.0333333,hhANBj74wiclvfuDLGfuDlFZgJ62
3/30/2022,210.9,0,151,15.75,379.55,hhANBj74wiclvfuDLGfuDlFZgJ62
3/31/2022,0,0,411,0,277.3,hhANBj74wiclvfuDLGfuDlFZgJ62
4/1/2022,67.6,0,455,0,471.5166667,hhANBj74wiclvfuDLGfuDlFZgJ62
4/2/2022,0,0,514,0,288.5333333,hhANBj74wiclvfuDLGfuDlFZgJ62
4/3/2022,218.95,0,14,0,402.0833333,hhANBj74wiclvfuDLGfuDlFZgJ62
4/4/2022,523.6333333,0,61,0,476.7,hhANBj74wiclvfuDLGfuDlFZgJ62
4/5/2022,76,0,203,0,476.5166667,hhANBj74wiclvfuDLGfuDlFZgJ62
4/6/2022,327.1333333,0,330,0,388.8,hhANBj74wiclvfuDLGfuDlFZgJ62
4/7/2022,85.1,0,331,0,444.3166667,hhANBj74wiclvfuDLGfuDlFZgJ62
4/8/2022,189.8333333,0,281,0,491.9666667,hhANBj74wiclvfuDLGfuDlFZgJ62
4/9/2022,0,0,856,0,390.2333333,hhANBj74wiclvfuDLGfuDlFZgJ62
4/10/2022,204.4666667,0,162,0,432.8166667,hhANBj74wiclvfuDLGfuDlFZgJ62
4/11/2022,91.23333333,0,291,0,421.3666667,hhANBj74wiclvfuDLGfuDlFZgJ62
4/12/2022,69.65,0,335.6666667,0,477.55,hhANBj74wiclvfuDLGfuDlFZgJ62
4/13/2022,244.4,0,173.4333333,48.65,371.05,hhANBj74wiclvfuDLGfuDlFZgJ62
4/14/2022,65.23333333,0,237,0,405.8,hhANBj74wiclvfuDLGfuDlFZgJ62
4/15/2022,0,0,390.55,0,492.5,hhANBj74wiclvfuDLGfuDlFZgJ62
4/16/2022,0,0,388.8666667,52.95,409.4833333,hhANBj74wiclvfuDLGfuDlFZgJ62
4/17/2022,191.4833333,0,90.4,13,536.9,hhANBj74wiclvfuDLGfuDlFZgJ62
4/18/2022,120.9333333,0,261,0,443.6,hhANBj74wiclvfuDLGfuDlFZgJ62
4/19/2022,245.4333333,0,177,0,401.2,hhANBj74wiclvfuDLGfuDlFZgJ62
4/20/2022,100.7833333,0,107,18,450.3,hhANBj74wiclvfuDLGfuDlFZgJ62
4/21/2022,247.6666667,0,222,0,367.6333333,hhANBj74wiclvfuDLGfuDlFZgJ62
4/22/2022,478.9833333,0,224,0,427.4666667,hhANBj74wiclvfuDLGfuDlFZgJ62
4/23/2022,0,0,376.1333333,0,355.9833333,hhANBj74wiclvfuDLGfuDlFZgJ62
4/24/2022,126.4666667,0,231.7833333,0,501.4166667,hhANBj74wiclvfuDLGfuDlFZgJ62
4/25/2022,275.1,0,298.6833333,0,428.2666667,hhANBj74wiclvfuDLGfuDlFZgJ62
4/26/2022,0,0,508,0,385.1166667,hhANBj74wiclvfuDLGfuDlFZgJ62
4/27/2022,77.21666667,0,242.75,0,412.8166667,hhANBj74wiclvfuDLGfuDlFZgJ62
4/28/2022,122.9666667,0,50,0,449.6166667,hhANBj74wiclvfuDLGfuDlFZgJ62
4/29/2022,122.9666667,0,832,0,441.5333333,hhANBj74wiclvfuDLGfuDlFZgJ62
4/30/2022,122.9666667,0,149,0,419.9833333,hhANBj74wiclvfuDLGfuDlFZgJ62
5/1/2022,0,0,402.8666667,0,463.4333333,hhANBj74wiclvfuDLGfuDlFZgJ62
5/2/2022,0,0,285.6333333,0,451.3666667,hhANBj74wiclvfuDLGfuDlFZgJ62
5/3/2022,66.28333333,0,391.45,0,460.0666667,hhANBj74wiclvfuDLGfuDlFZgJ62
5/4/2022,52.5,0,254.9166667,0,381.5666667,hhANBj74wiclvfuDLGfuDlFZgJ62
5/5/2022,0,0,611.2833333,0,554.4666667,hhANBj74wiclvfuDLGfuDlFZgJ62
5/6/2022,0,0,374.0333333,0,421.85,hhANBj74wiclvfuDLGfuDlFZgJ62
5/7/2022,0,11.53333333,221.5333333,0,430.7833333,hhANBj74wiclvfuDLGfuDlFZgJ62
5/8/2022,0,0,227,61.96666667,391.6666667,hhANBj74wiclvfuDLGfuDlFZgJ62
5/9/2022,0,0,246.6333333,0,385.2333333,hhANBj74wiclvfuDLGfuDlFZgJ62
5/10/2022,0,118.0666667,354.9833333,0,528.3,hhANBj74wiclvfuDLGfuDlFZgJ62
5/11/2022,0,32.48333333,284.7166667,0,508.1333333,hhANBj74wiclvfuDLGfuDlFZgJ62
5/12/2022,0,44.2,144,0,485.2833333,hhANBj74wiclvfuDLGfuDlFZgJ62
5/13/2022,0,0,435.35,0,447.15,hhANBj74wiclvfuDLGfuDlFZgJ62
5/14/2022,0,43.46666667,680.2333333,0,498.25,hhANBj74wiclvfuDLGfuDlFZgJ62
5/15/2022,0,0,419.5666667,0,373.4666667,hhANBj74wiclvfuDLGfuDlFZgJ62
5/16/2022,0,59.66666667,145,0,462.7166667,hhANBj74wiclvfuDLGfuDlFZgJ62
5/17/2022,173.1166667,46.23333333,99,0,515.5166667,hhANBj74wiclvfuDLGfuDlFZgJ62
5/18/2022,25.85,0,188,0,440.5333333,hhANBj74wiclvfuDLGfuDlFZgJ62
5/19/2022,0,0,470,0,478,hhANBj74wiclvfuDLGfuDlFZgJ62
5/20/2022,0,0,191,0,401.5166667,hhANBj74wiclvfuDLGfuDlFZgJ62
5/21/2022,0,0,257.8833333,0,461.8666667,hhANBj74wiclvfuDLGfuDlFZgJ62
5/22/2022,0,0,580.2083333,0,393.85,hhANBj74wiclvfuDLGfuDlFZgJ62
5/23/2022,0,69.85,575.85,0,552.5333333,hhANBj74wiclvfuDLGfuDlFZgJ62
5/24/2022,0,0,788.8333333,0,322,hhANBj74wiclvfuDLGfuDlFZgJ62
5/25/2022,0,0,494.3,0,505.8833333,hhANBj74wiclvfuDLGfuDlFZgJ62
5/26/2022,0,52.86666667,215.8166667,0,519.0333333,hhANBj74wiclvfuDLGfuDlFZgJ62
5/27/2022,0,0,471.7666667,0,459,hhANBj74wiclvfuDLGfuDlFZgJ62
5/28/2022,0,0,249.4833333,0,411.5666667,hhANBj74wiclvfuDLGfuDlFZgJ62
5/29/2022,0,68.33333333,487,0,462.2833333,hhANBj74wiclvfuDLGfuDlFZgJ62
5/30/2022,0,170.95,297.5333333,46,504.4333333,hhANBj74wiclvfuDLGfuDlFZgJ62
5/31/2022,0,130.5,156.3166667,32,534.9333333,hhANBj74wiclvfuDLGfuDlFZgJ62
6/1/2022,0,197.2333333,256.5666667,141.4666667,372.3,hhANBj74wiclvfuDLGfuDlFZgJ62
6/2/2022,0,264.6666667,211.5166667,0,448.75,hhANBj74wiclvfuDLGfuDlFZgJ62
6/3/2022,0,256.4833333,142.4666667,100.75,427.8833333,hhANBj74wiclvfuDLGfuDlFZgJ62
6/4/2022,0,0,439.95,25.53333333,352.4166667,hhANBj74wiclvfuDLGfuDlFZgJ62
6/5/2022,0,164.5166667,171.85,120.9666667,601.9666667,hhANBj74wiclvfuDLGfuDlFZgJ62
6/6/2022,64.71666667,279.2,219.45,43.05,400.8833333,hhANBj74wiclvfuDLGfuDlFZgJ62
6/7/2022,172.7166667,60.05,175.1666667,16.91666667,459.3,hhANBj74wiclvfuDLGfuDlFZgJ62
6/8/2022,0,332.7666667,153.8666667,102.7,465.7333333,hhANBj74wiclvfuDLGfuDlFZgJ62
6/9/2022,0,0,191.55,80.96666667,450.7166667,hhANBj74wiclvfuDLGfuDlFZgJ62
6/10/2022,0,181.7833333,142.3166667,20.23333333,415.9166667,hhANBj74wiclvfuDLGfuDlFZgJ62
6/11/2022,0,48.65,313.3,24.5,272.1833333,hhANBj74wiclvfuDLGfuDlFZgJ62
6/12/2022,0,119.0166667,157.6333333,27.66666667,490.9,hhANBj74wiclvfuDLGfuDlFZgJ62
6/13/2022,0,148.75,132.85,0,558.2166667,hhANBj74wiclvfuDLGfuDlFZgJ62
6/14/2022,0,233.9666667,138.8166667,83.73333333,419.7166667,hhANBj74wiclvfuDLGfuDlFZgJ62
6/15/2022,0,186.2,227.9833333,38.41666667,363.9833333,hhANBj74wiclvfuDLGfuDlFZgJ62
6/16/2022,0,0,245,0,312.4666667,hhANBj74wiclvfuDLGfuDlFZgJ62
6/17/2022,0,130.2166667,95,30.93333333,500.4166667,hhANBj74wiclvfuDLGfuDlFZgJ62
6/18/2022,0,199.75,130.55,167.3,521.15,hhANBj74wiclvfuDLGfuDlFZgJ62
6/19/2022,0,260.45,102,103.9333333,389.7833333,hhANBj74wiclvfuDLGfuDlFZgJ62
6/20/2022,0,136.4333333,135,138.5,541.3,hhANBj74wiclvfuDLGfuDlFZgJ62
6/21/2022,0,114.45,106.7666667,30.35,392.3333333,hhANBj74wiclvfuDLGfuDlFZgJ62
6/22/2022,0,0,480.2833333,0,572.3166667,hhANBj74wiclvfuDLGfuDlFZgJ62
6/23/2022,0,260.0333333,109,60.1,454.4166667,hhANBj74wiclvfuDLGfuDlFZgJ62
6/24/2022,0,275.8833333,370.9333333,96.48333333,483.55,hhANBj74wiclvfuDLGfuDlFZgJ62
6/25/2022,0,177.95,315.6333333,0,392.8333333,hhANBj74wiclvfuDLGfuDlFZgJ62
6/26/2022,0,94.41666667,199.55,94.53333333,494.2,hhANBj74wiclvfuDLGfuDlFZgJ62
6/27/2022,0,104.95,112.6166667,60.88333333,463.45,hhANBj74wiclvfuDLGfuDlFZgJ62
6/28/2022,0,118.3333333,223.6,0,417.1,hhANBj74wiclvfuDLGfuDlFZgJ62
6/29/2022,0,103.85,398.2166667,60.41666667,313.25,hhANBj74wiclvfuDLGfuDlFZgJ62
6/30/2022,0,0,271.6833333,0,303.6666667,hhANBj74wiclvfuDLGfuDlFZgJ62
7/1/2022,0,0,229.5333333,0,379.45,hhANBj74wiclvfuDLGfuDlFZgJ62
7/2/2022,0,0,476.3666667,0,630,hhANBj74wiclvfuDLGfuDlFZgJ62
7/3/2022,0,0,520.15,0,611.35,hhANBj74wiclvfuDLGfuDlFZgJ62
7/4/2022,0,0,348.2833333,0,492.6072222,hhANBj74wiclvfuDLGfuDlFZgJ62
7/5/2022,0,0,517,0,607.4,hhANBj74wiclvfuDLGfuDlFZgJ62
7/6/2022,0,91.93333333,313.7,39.23333333,471.9166667,hhANBj74wiclvfuDLGfuDlFZgJ62
7/7/2022,0,0,0,120.3166667,547.2833333,hhANBj74wiclvfuDLGfuDlFZgJ62
7/8/2022,0,70.53333333,460.2333333,0,632.0666667,hhANBj74wiclvfuDLGfuDlFZgJ62
7/9/2022,0,0,288.4333333,0,406.5666667,hhANBj74wiclvfuDLGfuDlFZgJ62
7/10/2022,0,0,190.0333333,80.38333333,550.3166667,hhANBj74wiclvfuDLGfuDlFZgJ62
7/11/2022,0,223.7666667,60,61.51666667,489.5666667,hhANBj74wiclvfuDLGfuDlFZgJ62
7/12/2022,0,175.0666667,287,26.81666667,446.0333333,hhANBj74wiclvfuDLGfuDlFZgJ62
7/13/2022,0,79.51666667,310.9333333,0,441.45,hhANBj74wiclvfuDLGfuDlFZgJ62
7/14/2022,0,21.83333333,288.9833333,0,414.1833333,hhANBj74wiclvfuDLGfuDlFZgJ62
7/15/2022,0,49.13333333,323.1166667,0,450.1333333,hhANBj74wiclvfuDLGfuDlFZgJ62
7/16/2022,0,0,646.3333333,0,552.1833333,hhANBj74wiclvfuDLGfuDlFZgJ62
7/17/2022,0,126.05,101,0,484.15,hhANBj74wiclvfuDLGfuDlFZgJ62
7/18/2022,0,241.1,155.8666667,134.3,549.95,hhANBj74wiclvfuDLGfuDlFZgJ62
7/19/2022,0,84.21666667,172.4833333,33.3,360.2166667,hhANBj74wiclvfuDLGfuDlFZgJ62
7/20/2022,0,0,346.3166667,0,301,hhANBj74wiclvfuDLGfuDlFZgJ62
7/21/2022,0,29.06666667,208.7833333,39.38333333,426.7833333,hhANBj74wiclvfuDLGfuDlFZgJ62
7/22/2022,0,0,332.1666667,20.8,436.9166667,hhANBj74wiclvfuDLGfuDlFZgJ62
7/23/2022,0,0,243.1666667,0,514.8833333,hhANBj74wiclvfuDLGfuDlFZgJ62
7/24/2022,0,0,123,29.28333333,523.6,hhANBj74wiclvfuDLGfuDlFZgJ62
7/25/2022,0,171.2,31.08333333,183.4333333,460.3666667,hhANBj74wiclvfuDLGfuDlFZgJ62
7/26/2022,0,63.06666667,129.7833333,0,663.2,hhANBj74wiclvfuDLGfuDlFZgJ62
7/27/2022,0,0,275.5666667,0,492.15,hhANBj74wiclvfuDLGfuDlFZgJ62
7/28/2022,0,0,455.4166667,0,487.15,hhANBj74wiclvfuDLGfuDlFZgJ62
7/29/2022,0,0,335.25,0,466.35,hhANBj74wiclvfuDLGfuDlFZgJ62
7/30/2022,0,0,201,0,415.8,hhANBj74wiclvfuDLGfuDlFZgJ62
7/31/2022,0,0,84.55,0,565.8,hhANBj74wiclvfuDLGfuDlFZgJ62
8/1/2022,79.93333333,197.85,118.5166667,180.25,410.9166667,hhANBj74wiclvfuDLGfuDlFZgJ62
8/2/2022,78.9,162.3333333,125.5333333,107.7666667,412.4833333,hhANBj74wiclvfuDLGfuDlFZgJ62
8/3/2022,76.78333333,158.85,147.3166667,104.8666667,416,hhANBj74wiclvfuDLGfuDlFZgJ62
8/4/2022,51.51666667,116.0666667,185.1833333,101.1166667,433.1833333,hhANBj74wiclvfuDLGfuDlFZgJ62
8/5/2022,79.8,146.3333333,221.0833333,117.4666667,449.5333333,hhANBj74wiclvfuDLGfuDlFZgJ62
8/6/2022,0,0,437.05,0,478.0333333,hhANBj74wiclvfuDLGfuDlFZgJ62
8/7/2022,0,0,202.0833333,0,507.6833333,hhANBj74wiclvfuDLGfuDlFZgJ62
8/8/2022,0,0,214.4166667,0,655.1666667,hhANBj74wiclvfuDLGfuDlFZgJ62
8/9/2022,0,0,201.6333333,0,511.8166667,hhANBj74wiclvfuDLGfuDlFZgJ62
8/10/2022,0,0,466.2,0,343,hhANBj74wiclvfuDLGfuDlFZgJ62
8/11/2022,0,0,321.1166667,0,616.4,hhANBj74wiclvfuDLGfuDlFZgJ62
8/12/2022,0,0,246.15,23.28333333,435.6333333,hhANBj74wiclvfuDLGfuDlFZgJ62
8/13/2022,0,0,230.1666667,14.4,488.9,hhANBj74wiclvfuDLGfuDlFZgJ62
8/14/2022,0,0,117.25,33.78333333,641.1,hhANBj74wiclvfuDLGfuDlFZgJ62
8/15/2022,209.1833333,0,154.9666667,0,424.1833333,hhANBj74wiclvfuDLGfuDlFZgJ62
8/16/2022,70.95,125.15,222.7333333,15.86666667,422.1166667,hhANBj74wiclvfuDLGfuDlFZgJ62
8/17/2022,0,101.9,220.6,91.31666667,388.4833333,hhANBj74wiclvfuDLGfuDlFZgJ62
8/18/2022,0,0,89.11666667,30.71666667,507,hhANBj74wiclvfuDLGfuDlFZgJ62
8/19/2022,0,142.7666667,202.25,21.88333333,472.6333333,hhANBj74wiclvfuDLGfuDlFZgJ62
8/20/2022,0,0,232,83.06666667,464.9166667,hhANBj74wiclvfuDLGfuDlFZgJ62
8/21/2022,192.4833333,62.2,59.73682171,29.8,520.6833333,hhANBj74wiclvfuDLGfuDlFZgJ62
8/22/2022,0,149.05,337.3166667,55.78333333,466.4833333,hhANBj74wiclvfuDLGfuDlFZgJ62
8/23/2022,0,0,474.3166667,0,398.2833333,hhANBj74wiclvfuDLGfuDlFZgJ62
8/24/2022,124.3333333,132.5,22,37.21666667,361.0666667,hhANBj74wiclvfuDLGfuDlFZgJ62
8/25/2022,0,0,167.2333333,0,302.7666667,hhANBj74wiclvfuDLGfuDlFZgJ62
8/26/2022,0,183.9,177.9166667,0,641.2166667,hhANBj74wiclvfuDLGfuDlFZgJ62
8/27/2022,0,0,420.3166667,0,330.25,hhANBj74wiclvfuDLGfuDlFZgJ62
8/28/2022,0,0,291.5666667,0,296.45,hhANBj74wiclvfuDLGfuDlFZgJ62
8/29/2022,0,0,461.5,0,473.65,hhANBj74wiclvfuDLGfuDlFZgJ62
8/30/2022,0,66.21666667,252.3333333,0,477.0333333,hhANBj74wiclvfuDLGfuDlFZgJ62
8/31/2022,0,0,185.95,0,461,hhANBj74wiclvfuDLGfuDlFZgJ62
9/1/2022,0,0,449.15,0,447.4166667,hhANBj74wiclvfuDLGfuDlFZgJ62
9/2/2022,0,0,252.2666667,0,491.95,hhANBj74wiclvfuDLGfuDlFZgJ62
9/3/2022,0,0,537.8166667,0,589.8166667,hhANBj74wiclvfuDLGfuDlFZgJ62
9/4/2022,0,0,251.6333333,0,460.5166667,hhANBj74wiclvfuDLGfuDlFZgJ62
9/5/2022,90.16666667,0,259.4166667,0,506.45,hhANBj74wiclvfuDLGfuDlFZgJ62
9/6/2022,0,0,251.3333333,0,412.4333333,hhANBj74wiclvfuDLGfuDlFZgJ62
9/7/2022,0,99.71666667,144.2,26.53333333,519.25,hhANBj74wiclvfuDLGfuDlFZgJ62
9/8/2022,0,221.45,235.5333333,0,395.5833333,hhANBj74wiclvfuDLGfuDlFZgJ62
9/9/2022,0,0,335.5833333,0,431.6,hhANBj74wiclvfuDLGfuDlFZgJ62
9/10/2022,0,0,373,0,471,hhANBj74wiclvfuDLGfuDlFZgJ62
9/11/2022,0,180.15,0,91.4,512.6166667,hhANBj74wiclvfuDLGfuDlFZgJ62
9/12/2022,130.2333333,0,0,71.91666667,534.5666667,hhANBj74wiclvfuDLGfuDlFZgJ62
9/13/2022,123.3333333,0,64,50.78333333,451.45,hhANBj74wiclvfuDLGfuDlFZgJ62
9/14/2022,0,0,479.9833333,49.8,473.95,hhANBj74wiclvfuDLGfuDlFZgJ62
9/15/2022,0,0,460.25,0,480.766092,hhANBj74wiclvfuDLGfuDlFZgJ62
9/16/2022,0,0,454,0,469.4166667,hhANBj74wiclvfuDLGfuDlFZgJ62
9/17/2022,0,0,470.4166667,0,436.5833333,hhANBj74wiclvfuDLGfuDlFZgJ62
9/18/2022,0,0,241.5833333,0,528.1333333,hhANBj74wiclvfuDLGfuDlFZgJ62
9/19/2022,0,0,379.3666667,0,535.8666667,hhANBj74wiclvfuDLGfuDlFZgJ62
9/20/2022,0,0,224.8,0,450.55,hhANBj74wiclvfuDLGfuDlFZgJ62
9/21/2022,0,0,291.3,0,455.5,hhANBj74wiclvfuDLGfuDlFZgJ62
9/22/2022,0,0,143.05,0,459.6333333,hhANBj74wiclvfuDLGfuDlFZgJ62
9/23/2022,0,0,290.5666667,0,500.4833333,hhANBj74wiclvfuDLGfuDlFZgJ62
9/24/2022,0,0,306.0666667,0,510.5333333,hhANBj74wiclvfuDLGfuDlFZgJ62
9/25/2022,0,0,453.5,0,580.0666667,hhANBj74wiclvfuDLGfuDlFZgJ62
9/26/2022,0,0,283.3666667,0,592.75,hhANBj74wiclvfuDLGfuDlFZgJ62
9/27/2022,0,0,343.6666667,0,400.1666667,hhANBj74wiclvfuDLGfuDlFZgJ62
9/28/2022,0,0,275.2666667,0,543.9833333,hhANBj74wiclvfuDLGfuDlFZgJ62
9/29/2022,0,0,340.2333333,0,372,hhANBj74wiclvfuDLGfuDlFZgJ62
9/30/2022,0,0,563.3666667,0,407.95,hhANBj74wiclvfuDLGfuDlFZgJ62
10/1/2022,0,0,327.9333333,0,466.4,hhANBj74wiclvfuDLGfuDlFZgJ62
10/2/2022,0,0,276.5833333,154.25,467.8166667,hhANBj74wiclvfuDLGfuDlFZgJ62
10/3/2022,242.6,0,22.16666667,188.3,453.75,hhANBj74wiclvfuDLGfuDlFZgJ62
10/4/2022,109.7333333,0,22.13333333,126.5833333,461.7833333,hhANBj74wiclvfuDLGfuDlFZgJ62
10/5/2022,0,0,450.85,0,307,hhANBj74wiclvfuDLGfuDlFZgJ62
10/6/2022,0,0,482.3,0,435.45,hhANBj74wiclvfuDLGfuDlFZgJ62
10/7/2022,0,0,284.9833333,0,530.5,hhANBj74wiclvfuDLGfuDlFZgJ62
10/8/2022,0,0,280.2,0,393.2666667,hhANBj74wiclvfuDLGfuDlFZgJ62
10/9/2022,0,0,259.6666667,0,481.6627778,hhANBj74wiclvfuDLGfuDlFZgJ62
10/10/2022,0,0,165,0,494.45,hhANBj74wiclvfuDLGfuDlFZgJ62
10/11/2022,0,74.31666667,391.3,16.7,447.9333333,hhANBj74wiclvfuDLGfuDlFZgJ62
10/12/2022,0,0,412,0,407.35,hhANBj74wiclvfuDLGfuDlFZgJ62
10/13/2022,0,0,237.25,0,468.5166667,hhANBj74wiclvfuDLGfuDlFZgJ62
10/14/2022,0,0,413.6166667,0,586.9166667,hhANBj74wiclvfuDLGfuDlFZgJ62
10/15/2022,0,0,428.5666667,0,535.9166667,hhANBj74wiclvfuDLGfuDlFZgJ62
10/16/2022,0,0,320.6666667,18.58333333,506.9333333,hhANBj74wiclvfuDLGfuDlFZgJ62
10/17/2022,232.1833333,67.78333333,120.7666667,59.56666667,412.45,hhANBj74wiclvfuDLGfuDlFZgJ62
10/18/2022,0,0,307,0,580,hhANBj74wiclvfuDLGfuDlFZgJ62
10/19/2022,0,0,273.7833333,0,471.2,hhANBj74wiclvfuDLGfuDlFZgJ62
10/20/2022,0,0,95,0,475.0833333,hhANBj74wiclvfuDLGfuDlFZgJ62
10/21/2022,0,0,229.2,0,574,hhANBj74wiclvfuDLGfuDlFZgJ62
10/22/2022,0,0,376.3666667,0,397.1833333,hhANBj74wiclvfuDLGfuDlFZgJ62
10/23/2022,0,0,145.9333333,16.6,598.9666667,hhANBj74wiclvfuDLGfuDlFZgJ62
10/24/2022,0,0,335,0,486.3833333,hhANBj74wiclvfuDLGfuDlFZgJ62
10/25/2022,0,0,252.9166667,0,508.1666667,hhANBj74wiclvfuDLGfuDlFZgJ62
10/26/2022,0,0,329,0,496.4333333,hhANBj74wiclvfuDLGfuDlFZgJ62
10/27/2022,0,0,521.1833333,0,526,hhANBj74wiclvfuDLGfuDlFZgJ62
10/28/2022,0,0,342,0,466.5666667,hhANBj74wiclvfuDLGfuDlFZgJ62
10/29/2022,0,0,499.85,0,414,hhANBj74wiclvfuDLGfuDlFZgJ62
10/30/2022,0,0,0,16.53333333,568.8166667,hhANBj74wiclvfuDLGfuDlFZgJ62
10/31/2022,0,0,354.3,0,510.65,hhANBj74wiclvfuDLGfuDlFZgJ62
11/1/2022,136.7833333,2.65,112,13.1,512.75,hhANBj74wiclvfuDLGfuDlFZgJ62
11/2/2022,197.7833333,22.28333333,170,13.73333333,408.9333333,hhANBj74wiclvfuDLGfuDlFZgJ62
11/3/2022,59.6,0,729.3833333,0,500.35,hhANBj74wiclvfuDLGfuDlFZgJ62
11/4/2022,5.033333333,0,527.4833333,12.21666667,455.7666667,hhANBj74wiclvfuDLGfuDlFZgJ62
11/5/2022,0,0,337.6,7.6,532.8666667,hhANBj74wiclvfuDLGfuDlFZgJ62
11/6/2022,66.71666667,40.31666667,74.96666667,60.85,447.25,hhANBj74wiclvfuDLGfuDlFZgJ62
11/7/2022,166.6833333,40.53333333,156.2,39.51666667,567.9166667,hhANBj74wiclvfuDLGfuDlFZgJ62
11/8/2022,192.45,41.16666667,307,27.71666667,441.8333333,hhANBj74wiclvfuDLGfuDlFZgJ62
11/9/2022,127.55,25.4,389.05,9.9,506.2333333,hhANBj74wiclvfuDLGfuDlFZgJ62
11/10/2022,104.4166667,41.98333333,226.55,56.08333333,438.9166667,hhANBj74wiclvfuDLGfuDlFZgJ62
11/11/2022,168.5333333,40.55,270.9833333,36.6,515.4833333,hhANBj74wiclvfuDLGfuDlFZgJ62
11/12/2022,0,0,493.3333333,14.01666667,386.8333333,hhANBj74wiclvfuDLGfuDlFZgJ62
11/13/2022,0,0,259.8,0,479.0833333,hhANBj74wiclvfuDLGfuDlFZgJ62
11/14/2022,276.0166667,0,225.35,42.55,553.5166667,hhANBj74wiclvfuDLGfuDlFZgJ62
11/15/2022,330.5166667,0,244.3166667,7.35,405.4666667,hhANBj74wiclvfuDLGfuDlFZgJ62
11/16/2022,420.1166667,111.5333333,0,66.8,424.2333333,hhANBj74wiclvfuDLGfuDlFZgJ62
11/17/2022,370.2833333,111.35,0,65.96666667,437.65,hhANBj74wiclvfuDLGfuDlFZgJ62
11/18/2022,183.4333333,113.6666667,286.5,84.96666667,434.15,hhANBj74wiclvfuDLGfuDlFZgJ62
11/19/2022,91.66666667,25.43333333,338,64.78333333,491.7333333,hhANBj74wiclvfuDLGfuDlFZgJ62
11/20/2022,0,0,720.5833333,0,480.1166667,hhANBj74wiclvfuDLGfuDlFZgJ62
11/21/2022,318.0833333,29.46666667,22.08333333,35.25,517.4666667,hhANBj74wiclvfuDLGfuDlFZgJ62
11/22/2022,113.0666667,0,365.8,0,488.8166667,hhANBj74wiclvfuDLGfuDlFZgJ62
11/23/2022,136.2833333,0,536.7333333,0,433.8,hhANBj74wiclvfuDLGfuDlFZgJ62
11/24/2022,249.25,0,179.6333333,11.43333333,478.65,hhANBj74wiclvfuDLGfuDlFZgJ62
11/25/2022,171.6,0,349.2166667,0,475.5833333,hhANBj74wiclvfuDLGfuDlFZgJ62
11/26/2022,187.7833333,0,448.1333333,12.23333333,499.3166667,hhANBj74wiclvfuDLGfuDlFZgJ62
11/27/2022,35.71666667,0,287.1333333,19.61666667,480.3333333,hhANBj74wiclvfuDLGfuDlFZgJ62
11/28/2022,510.7833333,103.7333333,0,44.08333333,471,hhANBj74wiclvfuDLGfuDlFZgJ62
11/29/2022,489.2666667,40.1,54.55,57.53333333,448.2,hhANBj74wiclvfuDLGfuDlFZgJ62
11/30/2022,239.3833333,0,405.7166667,0,479.6666667,hhANBj74wiclvfuDLGfuDlFZgJ62
12/1/2022,388.9166667,0,357.6833333,25.71666667,420.4833333,hhANBj74wiclvfuDLGfuDlFZgJ62
12/2/2022,0,0,565,0,460.3666667,hhANBj74wiclvfuDLGfuDlFZgJ62
12/3/2022,139.2,0,59.91666667,0,566.2833333,hhANBj74wiclvfuDLGfuDlFZgJ62
12/4/2022,0,0,214,0,482.3777778,hhANBj74wiclvfuDLGfuDlFZgJ62
12/5/2022,383.4,0,209,0,421.4666667,hhANBj74wiclvfuDLGfuDlFZgJ62
12/6/2022,206.4333333,0,611,0,545.9666667,hhANBj74wiclvfuDLGfuDlFZgJ62
12/7/2022,117.45,0,196,0,364.0333333,hhANBj74wiclvfuDLGfuDlFZgJ62
12/8/2022,232.8166667,0,146,0,571.4666667,hhANBj74wiclvfuDLGfuDlFZgJ62
12/9/2022,82.65,0,341.6,0,454.2166667,hhANBj74wiclvfuDLGfuDlFZgJ62
12/10/2022,91.53333333,0,321.0333333,0,390.1,hhANBj74wiclvfuDLGfuDlFZgJ62
12/11/2022,0,0,322.9666667,0,476.2166667,hhANBj74wiclvfuDLGfuDlFZgJ62
12/12/2022,0,0,144.2,0,535.7333333,hhANBj74wiclvfuDLGfuDlFZgJ62
12/13/2022,335.9166667,0,368,0,627.9333333,hhANBj74wiclvfuDLGfuDlFZgJ62
12/14/2022,133.7333333,0,189,0,472.0333333,hhANBj74wiclvfuDLGfuDlFZgJ62
12/15/2022,184.6166667,0,191,0,612.9833333,hhANBj74wiclvfuDLGfuDlFZgJ62
12/16/2022,0,0,476,0,417.2,hhANBj74wiclvfuDLGfuDlFZgJ62
12/17/2022,0,0,309,0,579.4333333,hhANBj74wiclvfuDLGfuDlFZgJ62
12/18/2022,0,0,380,0,523.2666667,hhANBj74wiclvfuDLGfuDlFZgJ62
12/19/2022,0,0,313,0,481.8166667,hhANBj74wiclvfuDLGfuDlFZgJ62
12/20/2022,167.4333333,0,0,0,528.2333333,hhANBj74wiclvfuDLGfuDlFZgJ62
12/21/2022,0,0,376,0,456.0666667,hhANBj74wiclvfuDLGfuDlFZgJ62
12/22/2022,0,0,330,0,423.05,hhANBj74wiclvfuDLGfuDlFZgJ62
12/23/2022,0,0,338,0,474.25,hhANBj74wiclvfuDLGfuDlFZgJ62
12/24/2022,0,0,357,0,389.0166667,hhANBj74wiclvfuDLGfuDlFZgJ62
12/25/2022,0,0,219,0,474.3166667,hhANBj74wiclvfuDLGfuDlFZgJ62
12/26/2022,0,0,259,0,352,hhANBj74wiclvfuDLGfuDlFZgJ62
12/27/2022,0,0,640,0,488.05,hhANBj74wiclvfuDLGfuDlFZgJ62
12/28/2022,0,0,301,0,464.8,hhANBj74wiclvfuDLGfuDlFZgJ62
12/29/2022,0,0,248,0,528.5,hhANBj74wiclvfuDLGfuDlFZgJ62
12/30/2022,0,0,499.0833333,0,454,hhANBj74wiclvfuDLGfuDlFZgJ62
12/31/2022,0,0,388,0,415.5,hhANBj74wiclvfuDLGfuDlFZgJ62
1/1/2023,0,0,135,0,387.8333333,hhANBj74wiclvfuDLGfuDlFZgJ62
1/2/2023,0,0,237,0,545.1,hhANBj74wiclvfuDLGfuDlFZgJ62
1/3/2023,0,0,475,0,516.9666667,hhANBj74wiclvfuDLGfuDlFZgJ62
1/4/2023,0,0,153,29.41666667,439.7333333,hhANBj74wiclvfuDLGfuDlFZgJ62
1/5/2023,0,0,236,11.61666667,461.2833333,hhANBj74wiclvfuDLGfuDlFZgJ62
1/6/2023,0,0,720,0,485.1166667,hhANBj74wiclvfuDLGfuDlFZgJ62
1/7/2023,0,15,413,29.8,422.4166667,hhANBj74wiclvfuDLGfuDlFZgJ62
1/8/2023,0,0,454,0,422.8333333,hhANBj74wiclvfuDLGfuDlFZgJ62
1/9/2023,0,0,387,10.51666667,480.6166667,hhANBj74wiclvfuDLGfuDlFZgJ62
1/10/2023,129.5333333,0,311.0166667,0,467.75,hhANBj74wiclvfuDLGfuDlFZgJ62
1/11/2023,0,0,435.7333333,0,515.65,hhANBj74wiclvfuDLGfuDlFZgJ62
1/12/2023,0,0,391,0,518.4833333,hhANBj74wiclvfuDLGfuDlFZgJ62
1/13/2023,0,0,263,0,461.95,hhANBj74wiclvfuDLGfuDlFZgJ62
1/14/2023,0,0,251,0,521.4666667,hhANBj74wiclvfuDLGfuDlFZgJ62
1/15/2023,0,0,492.7,0,400.6666667,hhANBj74wiclvfuDLGfuDlFZgJ62
1/16/2023,88,10.76666667,0,19.6,492.55,hhANBj74wiclvfuDLGfuDlFZgJ62
1/17/2023,58.36666667,0,95.91666667,13.8,516.8333333,hhANBj74wiclvfuDLGfuDlFZgJ62
1/18/2023,0,0,504,0,499.1833333,hhANBj74wiclvfuDLGfuDlFZgJ62
1/19/2023,0,0,334,0,474.1166667,hhANBj74wiclvfuDLGfuDlFZgJ62
1/20/2023,115,0,282,0,380.1166667,hhANBj74wiclvfuDLGfuDlFZgJ62
1/21/2023,0,0,338.35,0,467.15,hhANBj74wiclvfuDLGfuDlFZgJ62
1/22/2023,0,0,172,0,513.8333333,hhANBj74wiclvfuDLGfuDlFZgJ62
1/23/2023,180,112.6,220,81.51666667,551,hhANBj74wiclvfuDLGfuDlFZgJ62
1/24/2023,150,0,274.2666667,0,459.2,hhANBj74wiclvfuDLGfuDlFZgJ62
1/25/2023,15,0,104.95,0,475.08,hhANBj74wiclvfuDLGfuDlFZgJ62
1/26/2023,113,0,479,0,441.01,hhANBj74wiclvfuDLGfuDlFZgJ62
1/27/2023,0,0,685.45,0,479.9,hhANBj74wiclvfuDLGfuDlFZgJ62
1/28/2023,0,0,330,0,447.5,hhANBj74wiclvfuDLGfuDlFZgJ62
1/29/2023,0,0,356.15,0,395.6166667,hhANBj74wiclvfuDLGfuDlFZgJ62
1/30/2023,152,0,373.2,0,606.4833333,hhANBj74wiclvfuDLGfuDlFZgJ62
1/31/2023,140,0,572.95,0,575.2666667,hhANBj74wiclvfuDLGfuDlFZgJ62
2/1/2023,0,0,477.8,0,425.9833333,hhANBj74wiclvfuDLGfuDlFZgJ62
2/2/2023,0,166.45,0,113.6666667,585.4333333,hhANBj74wiclvfuDLGfuDlFZgJ62
2/3/2023,0,0,308.1666667,184.6333333,566.5,hhANBj74wiclvfuDLGfuDlFZgJ62
2/4/2023,0,23.21666667,272,139.6833333,550.3333333,hhANBj74wiclvfuDLGfuDlFZgJ62
2/5/2023,0,26.96666667,184,85.23333333,595.6333333,hhANBj74wiclvfuDLGfuDlFZgJ62
2/6/2023,0,60.78333333,0,228.2666667,601.2666667,hhANBj74wiclvfuDLGfuDlFZgJ62
2/7/2023,0,0,0,72.71666667,548.7166667,hhANBj74wiclvfuDLGfuDlFZgJ62
2/8/2023,0,0,531,0,571.45,hhANBj74wiclvfuDLGfuDlFZgJ62
2/9/2023,0,0,490,0,575.1666667,hhANBj74wiclvfuDLGfuDlFZgJ62
2/10/2023,0,0,174,0,438.8833333,hhANBj74wiclvfuDLGfuDlFZgJ62
2/11/2023,0,0,564,0,488.5666667,hhANBj74wiclvfuDLGfuDlFZgJ62
2/12/2023,0,0,245,138.9666667,431.55,hhANBj74wiclvfuDLGfuDlFZgJ62
2/13/2023,0,91.06666667,253,14.66666667,603.1,hhANBj74wiclvfuDLGfuDlFZgJ62
2/14/2023,0,0,333,0,442.5166667,hhANBj74wiclvfuDLGfuDlFZgJ62
2/15/2023,0,0,267,0,488.2166667,hhANBj74wiclvfuDLGfuDlFZgJ62
2/16/2023,0,0,523,0,474.6666667,hhANBj74wiclvfuDLGfuDlFZgJ62
2/17/2023,0,0,354.1166667,0,592.5166667,hhANBj74wiclvfuDLGfuDlFZgJ62
2/18/2023,0,0,87,124.1333333,513.1,hhANBj74wiclvfuDLGfuDlFZgJ62
2/19/2023,0,45.28333333,142,119.8666667,444.8,hhANBj74wiclvfuDLGfuDlFZgJ62
2/20/2023,192.35,134.7833333,266,20.6,499.9166667,hhANBj74wiclvfuDLGfuDlFZgJ62
2/21/2023,0,201.3333333,345,53.75,563.05,hhANBj74wiclvfuDLGfuDlFZgJ62
2/22/2023,0,102.8666667,424,0,412.8,hhANBj74wiclvfuDLGfuDlFZgJ62
2/23/2023,0,0,529,0,524.45,hhANBj74wiclvfuDLGfuDlFZgJ62
2/24/2023,0,0,573,0,490.1833333,hhANBj74wiclvfuDLGfuDlFZgJ62
2/25/2023,0,0,334,4.016666667,536.4333333,hhANBj74wiclvfuDLGfuDlFZgJ62
2/26/2023,0,60.06666667,268,19.56666667,497.9333333,hhANBj74wiclvfuDLGfuDlFZgJ62
2/27/2023,0,273.5333333,254,19.86666667,446.7666667,hhANBj74wiclvfuDLGfuDlFZgJ62
2/28/2023,0,234.4166667,253.1,10.68333333,473.6666667,hhANBj74wiclvfuDLGfuDlFZgJ62
3/1/2023,221.35,206.8666667,69.75,46.68333333,404.2166667,hhANBj74wiclvfuDLGfuDlFZgJ62
3/2/2023,402.7,192.3166667,60.33333333,53.16666667,414.95,hhANBj74wiclvfuDLGfuDlFZgJ62
3/3/2023,90.06666667,42.68333333,353,0,426.4,hhANBj74wiclvfuDLGfuDlFZgJ62
3/4/2023,0,0,588,0,311.4333333,hhANBj74wiclvfuDLGfuDlFZgJ62
3/5/2023,0,60.13333333,231,9.9,538.4,hhANBj74wiclvfuDLGfuDlFZgJ62
3/6/2023,0,182.1166667,320.1833333,0,432.5666667,hhANBj74wiclvfuDLGfuDlFZgJ62
3/7/2023,127.4666667,31.76666667,490.65,4.716666667,531.1,hhANBj74wiclvfuDLGfuDlFZgJ62
3/8/2023,165.45,124.45,306,25,407.2833333,hhANBj74wiclvfuDLGfuDlFZgJ62
3/9/2023,74.26666667,171.7333333,275.0833333,10.58333333,449.4,hhANBj74wiclvfuDLGfuDlFZgJ62
3/10/2023,0,0,308.6166667,0,550.2166667,hhANBj74wiclvfuDLGfuDlFZgJ62
3/11/2023,0,158.35,473.3666667,0,561.2666667,hhANBj74wiclvfuDLGfuDlFZgJ62
3/12/2023,0,187.3666667,199.75,18,537.9666667,hhANBj74wiclvfuDLGfuDlFZgJ62
3/13/2023,148.8333333,127.5833333,408.0666667,0,421.5166667,hhANBj74wiclvfuDLGfuDlFZgJ62
3/14/2023,212.7666667,145.05,260.65,27.33333333,432.1333333,hhANBj74wiclvfuDLGfuDlFZgJ62
3/15/2023,276.45,132.3666667,192.4,13.73333333,410.1166667,hhANBj74wiclvfuDLGfuDlFZgJ62
3/16/2023,180.9833333,120.2333333,265.5333333,22,420,hhANBj74wiclvfuDLGfuDlFZgJ62
3/17/2023,129.5833333,0,611,0,525,hhANBj74wiclvfuDLGfuDlFZgJ62
3/18/2023,0,131.8,399,19,469.9833333,hhANBj74wiclvfuDLGfuDlFZgJ62
3/19/2023,0,125.9333333,253.9333333,12,440.2166667,hhANBj74wiclvfuDLGfuDlFZgJ62
3/20/2023,255.9166667,120.3666667,341.6,44,453.2166667,hhANBj74wiclvfuDLGfuDlFZgJ62
3/21/2023,299.1166667,177.2333333,147.95,23,468.55,hhANBj74wiclvfuDLGfuDlFZgJ62
3/22/2023,317.0333333,182.5333333,112.1666667,34,439.8666667,hhANBj74wiclvfuDLGfuDlFZgJ62
3/23/2023,232.7833333,175.4,123.9666667,20,534.35,hhANBj74wiclvfuDLGfuDlFZgJ62
3/24/2023,220.3333333,156.6333333,326,9,441.5333333,hhANBj74wiclvfuDLGfuDlFZgJ62
3/25/2023,0,0,331.35,42,431.9833333,hhANBj74wiclvfuDLGfuDlFZgJ62
3/26/2023,114.7666667,220.2666667,129.9666667,14,523.6166667,hhANBj74wiclvfuDLGfuDlFZgJ62
3/27/2023,267.5666667,60.06666667,341.2666667,6,464.3166667,hhANBj74wiclvfuDLGfuDlFZgJ62
3/28/2023,313.2833333,164.1166667,112.6166667,10,447.55,hhANBj74wiclvfuDLGfuDlFZgJ62
3/29/2023,439.5166667,120.2666667,136.65,8,506.25,hhANBj74wiclvfuDLGfuDlFZgJ62
3/30/2023,366.1333333,118.8166667,320.2666667,9,403.9666667,hhANBj74wiclvfuDLGfuDlFZgJ62
3/31/2023,307.95,0,446,0,393.65,hhANBj74wiclvfuDLGfuDlFZgJ62
4/1/2023,136.1166667,185.6166667,379,13,482.3,hhANBj74wiclvfuDLGfuDlFZgJ62
4/2/2023,63.08333333,238.1166667,71,9,550.5333333,hhANBj74wiclvfuDLGfuDlFZgJ62
4/3/2023,400.7333333,248.2666667,96.45,18.1,412.3166667,hhANBj74wiclvfuDLGfuDlFZgJ62
4/4/2023,405.3,219.6333333,113.5166667,18,418.6166667,hhANBj74wiclvfuDLGfuDlFZgJ62
4/5/2023,339.5666667,257.2666667,175.2166667,19.13333333,415.2833333,hhANBj74wiclvfuDLGfuDlFZgJ62
4/6/2023,278.7166667,229.45,220,17,452.2833333,hhANBj74wiclvfuDLGfuDlFZgJ62
4/7/2023,264.2833333,237.65,230,0,450.85,hhANBj74wiclvfuDLGfuDlFZgJ62
4/8/2023,205.2833333,0,468,0,489.3166667,hhANBj74wiclvfuDLGfuDlFZgJ62
4/9/2023,390.9833333,60.31666667,147.45,11,412.4833333,hhANBj74wiclvfuDLGfuDlFZgJ62
4/10/2023,126.6833333,0,50,0,446.4333333,hhANBj74wiclvfuDLGfuDlFZgJ62
4/11/2023,215.5333333,159.3,146.6,22,504.4,hhANBj74wiclvfuDLGfuDlFZgJ62
4/12/2023,447.15,120.3333333,111.6666667,10,405.5333333,hhANBj74wiclvfuDLGfuDlFZgJ62
4/13/2023,296.8333333,159.65,207.6666667,7,496.9333333,hhANBj74wiclvfuDLGfuDlFZgJ62
4/14/2023,205.5666667,70.88333333,327.15,15,429.3333333,hhANBj74wiclvfuDLGfuDlFZgJ62
4/15/2023,142.9666667,115.1333333,402,0,544.9166667,hhANBj74wiclvfuDLGfuDlFZgJ62
4/16/2023,263.5166667,141.4833333,69,9,487,hhANBj74wiclvfuDLGfuDlFZgJ62
4/17/2023,417.6166667,193.4166667,90.5,12,414.6,hhANBj74wiclvfuDLGfuDlFZgJ62
4/18/2023,392.6,239.75,93.95,17,435.35,hhANBj74wiclvfuDLGfuDlFZgJ62
4/19/2023,474.2833333,189.85,91.61666667,20,427.3,hhANBj74wiclvfuDLGfuDlFZgJ62
4/20/2023,318.1333333,187.95,295,12.41666667,439.4833333,hhANBj74wiclvfuDLGfuDlFZgJ62
4/21/2023,0,190.6,420,0,462.4666667,hhANBj74wiclvfuDLGfuDlFZgJ62
4/22/2023,287,0,484.8,0,406.8666667,hhANBj74wiclvfuDLGfuDlFZgJ62
4/23/2023,220.25,232.2833333,95,10,544.3166667,hhANBj74wiclvfuDLGfuDlFZgJ62
4/24/2023,317.2833333,182.3,181.3666667,5,396.8833333,hhANBj74wiclvfuDLGfuDlFZgJ62
4/25/2023,480.1,140.0333333,117.7333333,2,425.15,hhANBj74wiclvfuDLGfuDlFZgJ62
4/26/2023,413.7,128.8,155.25,3,410.8166667,hhANBj74wiclvfuDLGfuDlFZgJ62
4/27/2023,515.0833333,141.7333333,120.5166667,7,396.9333333,hhANBj74wiclvfuDLGfuDlFZgJ62
4/28/2023,263.5,0,434.6166667,0,386.7166667,hhANBj74wiclvfuDLGfuDlFZgJ62
4/29/2023,0,244.45,328,10.2,487.2333333,hhANBj74wiclvfuDLGfuDlFZgJ62
4/30/2023,167.5666667,181.6666667,320.5,8,465.6,hhANBj74wiclvfuDLGfuDlFZgJ62
5/1/2023,289.6,249.6166667,128.6666667,28.61666667,411.5666667,hhANBj74wiclvfuDLGfuDlFZgJ62
5/2/2023,377.9,186.65,69,11.08333333,413.2,hhANBj74wiclvfuDLGfuDlFZgJ62
5/3/2023,251.45,249,205.1666667,11,399.6666667,hhANBj74wiclvfuDLGfuDlFZgJ62
5/4/2023,61.83333333,0,317,0,497.9,hhANBj74wiclvfuDLGfuDlFZgJ62
5/5/2023,61.28333333,183.2333333,304,2,544.8,hhANBj74wiclvfuDLGfuDlFZgJ62
5/6/2023,179.7,398.3166667,45.58333333,11,512.8666667,hhANBj74wiclvfuDLGfuDlFZgJ62
5/7/2023,225.9166667,194.05,45.5,12.08333333,472.3666667,hhANBj74wiclvfuDLGfuDlFZgJ62
5/8/2023,420.9833333,268.4833333,68.23333333,12.83333333,370.5833333,hhANBj74wiclvfuDLGfuDlFZgJ62
5/9/2023,314.1,183.3833333,143.9166667,9.55,407.7166667,hhANBj74wiclvfuDLGfuDlFZgJ62
5/10/2023,246.8833333,200.6166667,169.4,11.2,391.6166667,hhANBj74wiclvfuDLGfuDlFZgJ62
5/11/2023,398.3166667,251.6833333,128.7333333,10.75,391.1666667,hhANBj74wiclvfuDLGfuDlFZgJ62
5/12/2023,0,0,522.45,0,508.75,hhANBj74wiclvfuDLGfuDlFZgJ62
5/13/2023,0,422.7,290.65,0,516.2,hhANBj74wiclvfuDLGfuDlFZgJ62
5/14/2023,163.4666667,317.35,64.43333333,0,527.5166667,hhANBj74wiclvfuDLGfuDlFZgJ62
5/15/2023,342.7833333,356.05,46.85,8.75,433.4,hhANBj74wiclvfuDLGfuDlFZgJ62
5/16/2023,319.5666667,204.9666667,237.3333333,15.95,389.9333333,hhANBj74wiclvfuDLGfuDlFZgJ62
5/17/2023,158.4333333,181.9333333,421.6333333,10.81666667,422.6166667,hhANBj74wiclvfuDLGfuDlFZgJ62
5/18/2023,88.05,20.96666667,151.3,0,504.8,hhANBj74wiclvfuDLGfuDlFZgJ62
5/19/2023,0,311.1166667,328.75,8.866666667,530.5666667,hhANBj74wiclvfuDLGfuDlFZgJ62
5/20/2023,0,211.6166667,458.6333333,0,471.55,hhANBj74wiclvfuDLGfuDlFZgJ62
5/21/2023,0,316.4166667,132.5166667,14.51666667,537.1666667,hhANBj74wiclvfuDLGfuDlFZgJ62
5/22/2023,49.41666667,342.3666667,67.2,12.41666667,499.1333333,hhANBj74wiclvfuDLGfuDlFZgJ62
5/23/2023,0,436.3,439.75,0,475.95,hhANBj74wiclvfuDLGfuDlFZgJ62
5/24/2023,137.45,475.4833333,66.03333333,0,420.5833333,hhANBj74wiclvfuDLGfuDlFZgJ62
5/25/2023,111.95,639.3333333,142.6333333,0,495.4666667,hhANBj74wiclvfuDLGfuDlFZgJ62
5/26/2023,168,431.25,231,0,372.7,hhANBj74wiclvfuDLGfuDlFZgJ62
5/27/2023,0,103.4333333,214.8,0,458.45,hhANBj74wiclvfuDLGfuDlFZgJ62
5/28/2023,0,280.1166667,205.4666667,8.233333333,470.2833333,hhANBj74wiclvfuDLGfuDlFZgJ62
5/29/2023,145.45,128.6833333,373.45,9.15,554.7166667,hhANBj74wiclvfuDLGfuDlFZgJ62
5/30/2023,172.5833333,194.95,189.6333333,0,487.15,hhANBj74wiclvfuDLGfuDlFZgJ62
5/31/2023,179.5,0,204.3333333,0,311.75,hhANBj74wiclvfuDLGfuDlFZgJ62
6/1/2023,0,0,667.4466667,0,541.6833333,hhANBj74wiclvfuDLGfuDlFZgJ62
6/2/2023,0,0,63,13.93333333,513.6666667,hhANBj74wiclvfuDLGfuDlFZgJ62
6/3/2023,0,125.2666667,419.7833333,0,556.6333333,hhANBj74wiclvfuDLGfuDlFZgJ62
6/4/2023,0,277.6666667,196.2666667,15.58333333,405.4333333,hhANBj74wiclvfuDLGfuDlFZgJ62
6/5/2023,333.3,211.6,86.35,30.41666667,539.85,hhANBj74wiclvfuDLGfuDlFZgJ62
6/6/2023,259.2166667,307.7166667,128.6666667,21.13333333,392.9666667,hhANBj74wiclvfuDLGfuDlFZgJ62
6/7/2023,291.5333333,231.6333333,110.3333333,32.7,422.85,hhANBj74wiclvfuDLGfuDlFZgJ62
6/8/2023,277.4,279.85,123.6666667,36.66666667,380.45,hhANBj74wiclvfuDLGfuDlFZgJ62
6/9/2023,251.6333333,124.1666667,361.9,24.38333333,416.7166667,hhANBj74wiclvfuDLGfuDlFZgJ62
6/10/2023,122.7833333,239.0333333,274,28.81666667,448.0833333,hhANBj74wiclvfuDLGfuDlFZgJ62
6/11/2023,257.05,229.25,77.38333333,26.98333333,485.6666667,hhANBj74wiclvfuDLGfuDlFZgJ62
6/12/2023,286.6666667,319.4833333,145.65,24.33333333,407.6166667,hhANBj74wiclvfuDLGfuDlFZgJ62
6/13/2023,258.9166667,229.35,222.9166667,34.96666667,392.5833333,hhANBj74wiclvfuDLGfuDlFZgJ62
6/14/2023,333.7666667,84.03333333,203.9333333,23.75,510.5166667,hhANBj74wiclvfuDLGfuDlFZgJ62
6/15/2023,286.2833333,175.5833333,246,19.3,462.6833333,hhANBj74wiclvfuDLGfuDlFZgJ62
6/16/2023,186.4166667,0,317.2,12.55,489.6166667,hhANBj74wiclvfuDLGfuDlFZgJ62
6/17/2023,317.05,314.2333333,87.76666667,11.55,433.05,hhANBj74wiclvfuDLGfuDlFZgJ62
6/18/2023,224.8666667,181.7666667,105,0,420.65,hhANBj74wiclvfuDLGfuDlFZgJ62
6/19/2023,294.0333333,264.6,85.13333333,23.5,505.6166667,hhANBj74wiclvfuDLGfuDlFZgJ62
6/20/2023,250.2333333,217.8166667,71.51666667,12.83333333,443.1166667,hhANBj74wiclvfuDLGfuDlFZgJ62
6/21/2023,122.2,308.5833333,292.9,8.316666667,602.2,hhANBj74wiclvfuDLGfuDlFZgJ62
6/22/2023,290.8,210.5,77,11.38333333,443.9833333,hhANBj74wiclvfuDLGfuDlFZgJ62
6/23/2023,122.5333333,207.1333333,261.45,5,446.35,hhANBj74wiclvfuDLGfuDlFZgJ62
6/24/2023,0,135.8666667,255.4333333,8.55,551.0666667,hhANBj74wiclvfuDLGfuDlFZgJ62
6/25/2023,269.3833333,94.66666667,173.4666667,7.1,476.8666667,hhANBj74wiclvfuDLGfuDlFZgJ62
6/26/2023,249.2333333,236.0166667,85.43333333,13.95,438.75,hhANBj74wiclvfuDLGfuDlFZgJ62
6/27/2023,257.25,203.6166667,96.83333333,12.65,445.4833333,hhANBj74wiclvfuDLGfuDlFZgJ62
6/28/2023,255.7166667,230.7,228.3833333,8.583333333,450.0333333,hhANBj74wiclvfuDLGfuDlFZgJ62
6/29/2023,0,247.4166667,308.8166667,0,443.9833333,hhANBj74wiclvfuDLGfuDlFZgJ62
6/30/2023,268.8833333,195.15,462.1833333,0,445.4166667,hhANBj74wiclvfuDLGfuDlFZgJ62
7/1/2023,192.3166667,331.5,165.7666667,9.916666667,449.3,hhANBj74wiclvfuDLGfuDlFZgJ62
7/2/2023,0,310.9166667,221.7,0,518.7666667,hhANBj74wiclvfuDLGfuDlFZgJ62
7/3/2023,250.0833333,423.5,83.95,8.2,420.9666667,hhANBj74wiclvfuDLGfuDlFZgJ62
7/4/2023,120.5166667,302.5666667,444.8666667,0,462.0666667,hhANBj74wiclvfuDLGfuDlFZgJ62
7/5/2023,120.5833333,188.9666667,402.2333333,8,421.3833333,hhANBj74wiclvfuDLGfuDlFZgJ62
7/6/2023,207.0333333,236.4166667,221.8166667,9.733333333,379.8,hhANBj74wiclvfuDLGfuDlFZgJ62
7/7/2023,0,149.8166667,647,0,426.1,hhANBj74wiclvfuDLGfuDlFZgJ62
7/8/2023,0,242.9166667,430.35,9.033333333,443.6166667,hhANBj74wiclvfuDLGfuDlFZgJ62
7/9/2023,0,48.45,437.4333333,4.25,440.2166667,hhANBj74wiclvfuDLGfuDlFZgJ62
7/10/2023,251.2833333,430.65,95,20.81666667,468.3666667,hhANBj74wiclvfuDLGfuDlFZgJ62
7/11/2023,64.03333333,319.8333333,315,35.1,397.8,hhANBj74wiclvfuDLGfuDlFZgJ62
7/12/2023,0,246.9833333,300.4333333,14.81666667,475,hhANBj74wiclvfuDLGfuDlFZgJ62
7/13/2023,246.4166667,108.2333333,57.45,16.41666667,436.3,hhANBj74wiclvfuDLGfuDlFZgJ62
7/14/2023,0,0,669,0,484.8,hhANBj74wiclvfuDLGfuDlFZgJ62
7/15/2023,0,38.03333333,340.0666667,3.383333333,433.3833333,hhANBj74wiclvfuDLGfuDlFZgJ62
7/16/2023,324.2333333,392.15,23.76666667,35.76666667,539.1833333,hhANBj74wiclvfuDLGfuDlFZgJ62
7/17/2023,304.8166667,339.7,22.66666667,30.88333333,413.25,hhANBj74wiclvfuDLGfuDlFZgJ62
7/18/2023,81.35,334.55,220.8,34.01666667,430.6,hhANBj74wiclvfuDLGfuDlFZgJ62
7/19/2023,122.5666667,250.35,85.46666667,41.88333333,454.15,hhANBj74wiclvfuDLGfuDlFZgJ62
7/20/2023,0,132.95,616,0,436.2166667,hhANBj74wiclvfuDLGfuDlFZgJ62
7/21/2023,0,399.8833333,275,0,480.4833333,hhANBj74wiclvfuDLGfuDlFZgJ62
7/22/2023,0,459.8833333,241,10.51666667,522.8666667,hhANBj74wiclvfuDLGfuDlFZgJ62
7/23/2023,252.3833333,214.95,111.8166667,6.083333333,426.9333333,hhANBj74wiclvfuDLGfuDlFZgJ62
7/24/2023,180.6833333,315.3166667,183.3166667,116.25,459,hhANBj74wiclvfuDLGfuDlFZgJ62
7/25/2023,120.95,203.7,81.63333333,163.0333333,419.6333333,hhANBj74wiclvfuDLGfuDlFZgJ62
7/26/2023,248.2166667,190.95,226.2,31.56666667,367.6166667,hhANBj74wiclvfuDLGfuDlFZgJ62
7/27/2023,0,213.0166667,341,0,541.35,hhANBj74wiclvfuDLGfuDlFZgJ62
7/28/2023,0,302.3666667,372.25,0,449.7833333,hhANBj74wiclvfuDLGfuDlFZgJ62
7/29/2023,0,0,412.1,0,583.9666667,hhANBj74wiclvfuDLGfuDlFZgJ62
7/30/2023,0,110.6166667,325.6,44.8,548.0333333,hhANBj74wiclvfuDLGfuDlFZgJ62
7/31/2023,0,238.75,348.4333333,0,492.45,hhANBj74wiclvfuDLGfuDlFZgJ62
8/1/2023,255.75,375.2833333,61.38333333,46.25,432.1666667,hhANBj74wiclvfuDLGfuDlFZgJ62
8/2/2023,250.85,215.4333333,263.1833333,8.266666667,404.2166667,hhANBj74wiclvfuDLGfuDlFZgJ62
8/3/2023,0,0,644,0,393.3,hhANBj74wiclvfuDLGfuDlFZgJ62
8/4/2023,263.8666667,302.9333333,79.53333333,48.8,426.6,hhANBj74wiclvfuDLGfuDlFZgJ62
8/5/2023,0,0,392.7166667,0,380.3333333,hhANBj74wiclvfuDLGfuDlFZgJ62
8/6/2023,269.1833333,10.4,196.4166667,7.383333333,446.75,hhANBj74wiclvfuDLGfuDlFZgJ62
8/7/2023,28.98333333,0,507.7333333,7.45,459.05,hhANBj74wiclvfuDLGfuDlFZgJ62
8/8/2023,0,163.9333333,324.0833333,0,517.8333333,hhANBj74wiclvfuDLGfuDlFZgJ62
8/9/2023,0,255.4333333,190.1,25.05,494.4833333,hhANBj74wiclvfuDLGfuDlFZgJ62
8/10/2023,0,129,298,7.416666667,420.65,hhANBj74wiclvfuDLGfuDlFZgJ62
8/11/2023,0,68.51666667,372.0166667,0,437.54,hhANBj74wiclvfuDLGfuDlFZgJ62
8/12/2023,0,0,490,8.933333333,411.1333333,hhANBj74wiclvfuDLGfuDlFZgJ62
8/13/2023,0,0,149,8.916666667,581.0833333,hhANBj74wiclvfuDLGfuDlFZgJ62
8/14/2023,0,206.7833333,76.1,9.483333333,466.1333333,hhANBj74wiclvfuDLGfuDlFZgJ62
8/15/2023,0,68.31666667,350.1,8.816666667,434.8833333,hhANBj74wiclvfuDLGfuDlFZgJ62
8/16/2023,0,0,622.05,0,479.05,hhANBj74wiclvfuDLGfuDlFZgJ62
8/17/2023,0,0,425,0,470.3,hhANBj74wiclvfuDLGfuDlFZgJ62
8/18/2023,0,0,483,0,466.5666667,hhANBj74wiclvfuDLGfuDlFZgJ62
8/19/2023,0,0,332,9.416666667,510.7666667,hhANBj74wiclvfuDLGfuDlFZgJ62
8/20/2023,0,197.8833333,304,23.68333333,400,hhANBj74wiclvfuDLGfuDlFZgJ62
8/21/2023,0,358.8666667,109,9.366666667,578.6,hhANBj74wiclvfuDLGfuDlFZgJ62
8/22/2023,0,91.8,601,49.9,476.3666667,hhANBj74wiclvfuDLGfuDlFZgJ62
8/23/2023,0,408.6,0,35.86666667,437.1666667,hhANBj74wiclvfuDLGfuDlFZgJ62
8/24/2023,0,323.4333333,170,34.66666667,510.5166667,hhANBj74wiclvfuDLGfuDlFZgJ62
8/25/2023,188.4333333,200.9166667,172,0,435.95,hhANBj74wiclvfuDLGfuDlFZgJ62
8/26/2023,0,0,551.4333333,15.65,458.86,hhANBj74wiclvfuDLGfuDlFZgJ62
8/27/2023,0,199.6333333,309,21.08333333,366.4166667,hhANBj74wiclvfuDLGfuDlFZgJ62
8/28/2023,0,349.4166667,122,13.56666667,518.5166667,hhANBj74wiclvfuDLGfuDlFZgJ62
8/29/2023,0,360.2333333,319.2333333,0,460.5666667,hhANBj74wiclvfuDLGfuDlFZgJ62
8/30/2023,0,302.8833333,61,9.75,501.2666667,hhANBj74wiclvfuDLGfuDlFZgJ62
8/31/2023,0,203.1333333,212,16.06666667,456.4833333,hhANBj74wiclvfuDLGfuDlFZgJ62
9/1/2023,126.55,274.9833333,229,30.53333333,438.2666667,hhANBj74wiclvfuDLGfuDlFZgJ62
9/2/2023,0,184.6333333,252,0,529.3333333,hhANBj74wiclvfuDLGfuDlFZgJ62
9/3/2023,0,256.3166667,364,8.25,453.1166667,hhANBj74wiclvfuDLGfuDlFZgJ62
9/4/2023,0,468.2666667,289,7.6,399.1166667,hhANBj74wiclvfuDLGfuDlFZgJ62
9/5/2023,0,454.45,22,14.16666667,523.2166667,hhANBj74wiclvfuDLGfuDlFZgJ62
9/6/2023,0,319.3666667,560,0,392.2666667,hhANBj74wiclvfuDLGfuDlFZgJ62
9/7/2023,0,374.8833333,145,9.683333333,465.4,hhANBj74wiclvfuDLGfuDlFZgJ62
9/8/2023,0,96.7,211,10.81666667,440.7666667,hhANBj74wiclvfuDLGfuDlFZgJ62
9/9/2023,123.6833333,247.3166667,102,9.5,527.8333333,hhANBj74wiclvfuDLGfuDlFZgJ62
9/10/2023,96.96666667,254.3833333,200,6.066666667,486.6333333,hhANBj74wiclvfuDLGfuDlFZgJ62
9/11/2023,0,227.7333333,357,40.36666667,469.4833333,hhANBj74wiclvfuDLGfuDlFZgJ62
9/12/2023,63.95,188.5333333,187,47.5,484.2833333,hhANBj74wiclvfuDLGfuDlFZgJ62
9/13/2023,0,112,415,27.96666667,487.5666667,hhANBj74wiclvfuDLGfuDlFZgJ62
9/14/2023,55.73333333,189.35,376,10.31666667,524.4666667,hhANBj74wiclvfuDLGfuDlFZgJ62
9/15/2023,30.11666667,221.1666667,403,35.55,496.8,hhANBj74wiclvfuDLGfuDlFZgJ62
9/16/2023,0,303.0333333,69,34.2,518.5166667,hhANBj74wiclvfuDLGfuDlFZgJ62
9/17/2023,121.35,219.5833333,214,31.81666667,513.4166667,hhANBj74wiclvfuDLGfuDlFZgJ62
9/18/2023,0,295.7666667,220,7.566666667,452.5166667,hhANBj74wiclvfuDLGfuDlFZgJ62
9/19/2023,0,274.0833333,323,6.366666667,528.9666667,hhANBj74wiclvfuDLGfuDlFZgJ62
9/20/2023,0,391.85,322,5.3,450.9666667,hhANBj74wiclvfuDLGfuDlFZgJ62
9/21/2023,91.03333333,31.4,518,9.716666667,390,hhANBj74wiclvfuDLGfuDlFZgJ62
9/22/2023,0,241.5,271,0,477.4166667,hhANBj74wiclvfuDLGfuDlFZgJ62
9/23/2023,0,72.06666667,499,0,579.1,hhANBj74wiclvfuDLGfuDlFZgJ62
9/24/2023,0,0,908,0,300.4166667,hhANBj74wiclvfuDLGfuDlFZgJ62
9/25/2023,0,318.6166667,194,3.783333333,477.0333333,hhANBj74wiclvfuDLGfuDlFZgJ62
9/26/2023,0,285,67,5,660,hhANBj74wiclvfuDLGfuDlFZgJ62
9/27/2023,0,265,219,6,479.5,hhANBj74wiclvfuDLGfuDlFZgJ62
9/28/2023,0,115,267,0,353.15,hhANBj74wiclvfuDLGfuDlFZgJ62
9/29/2023,0,0,166,0,600,hhANBj74wiclvfuDLGfuDlFZgJ62
9/30/2023,0,0,576,19.1,479.4666667,hhANBj74wiclvfuDLGfuDlFZgJ62
10/1/2023,0,187.7833333,123,64.38333333,483.6666667,hhANBj74wiclvfuDLGfuDlFZgJ62
10/2/2023,0,173.3166667,245,35.68333333,480.3,hhANBj74wiclvfuDLGfuDlFZgJ62
10/3/2023,0,107.3666667,495,0,461.4166667,hhANBj74wiclvfuDLGfuDlFZgJ62
10/4/2023,0,267.4,328,9.3,473.2,hhANBj74wiclvfuDLGfuDlFZgJ62
10/5/2023,0,226.3833333,492,7.6,474.65,hhANBj74wiclvfuDLGfuDlFZgJ62
10/6/2023,0,538.2833333,39,19.26666667,408.1833333,hhANBj74wiclvfuDLGfuDlFZgJ62
10/7/2023,0,427.75,313,11.05,430.0166667,hhANBj74wiclvfuDLGfuDlFZgJ62
10/8/2023,0,153.8,414,0,462.5166667,hhANBj74wiclvfuDLGfuDlFZgJ62
10/9/2023,0,491.5,88,75.98,447,hhANBj74wiclvfuDLGfuDlFZgJ62
10/10/2023,0,336.4333333,349,0,455.9166667,hhANBj74wiclvfuDLGfuDlFZgJ62
10/11/2023,77.06666667,36,391,0,365.1,hhANBj74wiclvfuDLGfuDlFZgJ62
10/12/2023,0,253.8,227,10.5,496.4833333,hhANBj74wiclvfuDLGfuDlFZgJ62
10/13/2023,0,122.2833333,319,0,440.1166667,hhANBj74wiclvfuDLGfuDlFZgJ62
10/14/2023,0,210.2166667,387,13.86666667,415.8666667,hhANBj74wiclvfuDLGfuDlFZgJ62
10/15/2023,0,60.13333333,170.15,0,425.3333333,hhANBj74wiclvfuDLGfuDlFZgJ62
10/16/2023,42.15,322.4833333,336.1833333,10.53333333,269,hhANBj74wiclvfuDLGfuDlFZgJ62
10/17/2023,0,324.7833333,365,7.333333333,466.8833333,hhANBj74wiclvfuDLGfuDlFZgJ62
10/18/2023,192.4833333,41.31666667,354.95,23,341,hhANBj74wiclvfuDLGfuDlFZgJ62
10/19/2023,95.56666667,162.85,364,0,367.6,hhANBj74wiclvfuDLGfuDlFZgJ62
10/20/2023,0,0,300,0,429.6973684,hhANBj74wiclvfuDLGfuDlFZgJ62
10/21/2023,0,0,436,0,426.856879,hhANBj74wiclvfuDLGfuDlFZgJ62
10/22/2023,0,143.1833333,348,0,388,hhANBj74wiclvfuDLGfuDlFZgJ62
10/23/2023,58.98333333,196.3666667,349.52,14.85,416.8333333,hhANBj74wiclvfuDLGfuDlFZgJ62
10/24/2023,0,418.9166667,179,9.2,446.5333333,hhANBj74wiclvfuDLGfuDlFZgJ62
10/25/2023,138.2,129.0666667,419,11.25,411.1833333,hhANBj74wiclvfuDLGfuDlFZgJ62
10/26/2023,102.8333333,190.3833333,373.2166667,12.3,372.1333333,hhANBj74wiclvfuDLGfuDlFZgJ62
10/27/2023,0,58.8,615,9.766666667,454.9,hhANBj74wiclvfuDLGfuDlFZgJ62
10/28/2023,199.8,126.0333333,407.7833333,11.11666667,463.4,hhANBj74wiclvfuDLGfuDlFZgJ62
10/29/2023,0,41.71666667,447,11,519,hhANBj74wiclvfuDLGfuDlFZgJ62
10/30/2023,404.8833333,82.45,389,7.65,390.7166667,hhANBj74wiclvfuDLGfuDlFZgJ62
10/31/2023,140.0666667,77.75,229,7.266666667,291.9333333,hhANBj74wiclvfuDLGfuDlFZgJ62
11/1/2023,355.0833333,117.7,262,8.55,476.4666667,hhANBj74wiclvfuDLGfuDlFZgJ62
11/2/2023,92.9,213.8833333,84,8.616666667,342.75,hhANBj74wiclvfuDLGfuDlFZgJ62
11/3/2023,0,0,150,0,414.72,hhANBj74wiclvfuDLGfuDlFZgJ62
11/4/2023,0,0,305,0,385.88,hhANBj74wiclvfuDLGfuDlFZgJ62
11/5/2023,0,0,359,0,353.63,hhANBj74wiclvfuDLGfuDlFZgJ62
11/6/2023,117.2333333,418.1966667,264.6,8.233333333,458.5166667,hhANBj74wiclvfuDLGfuDlFZgJ62
11/7/2023,0,220.55,403,7.983333333,351.2166667,hhANBj74wiclvfuDLGfuDlFZgJ62
11/8/2023,388.1833333,82.13333333,330,7.716666667,435.0666667,hhANBj74wiclvfuDLGfuDlFZgJ62
11/9/2023,178.95,130.7833333,356.25,8.566666667,394.8,hhANBj74wiclvfuDLGfuDlFZgJ62
11/10/2023,102.9666667,155.1833333,332,6.933333333,435,hhANBj74wiclvfuDLGfuDlFZgJ62
11/11/2023,0,213.7166667,464.2833333,11.3,381,hhANBj74wiclvfuDLGfuDlFZgJ62
11/12/2023,0,441.5366667,203,0,415.4,hhANBj74wiclvfuDLGfuDlFZgJ62
11/13/2023,0,0,371,0,364.4,hhANBj74wiclvfuDLGfuDlFZgJ62
11/14/2023,230,247.7166667,317,0,398.0333333,hhANBj74wiclvfuDLGfuDlFZgJ62
11/15/2023,0,133.7833333,415.45,7.8,484.5,hhANBj74wiclvfuDLGfuDlFZgJ62
11/16/2023,313.35,11.03333333,412,0,405,hhANBj74wiclvfuDLGfuDlFZgJ62
11/17/2023,0,90.7,505.31,9.133333333,373,hhANBj74wiclvfuDLGfuDlFZgJ62
11/18/2023,0,0,434.87,0,456.33,hhANBj74wiclvfuDLGfuDlFZgJ62
11/19/2023,0,124.2833333,192,10.85,481.0333333,hhANBj74wiclvfuDLGfuDlFZgJ62
11/20/2023,368.2,126.95,240,38.41666667,365.9333333,hhANBj74wiclvfuDLGfuDlFZgJ62
11/21/2023,418.4,13.46666667,251,6.133333333,433.3166667,hhANBj74wiclvfuDLGfuDlFZgJ62
11/22/2023,316.9666667,13.43,233,5.77,400.7666667,hhANBj74wiclvfuDLGfuDlFZgJ62
11/23/2023,196.4666667,91.41333333,365,7.83,420.6666667,hhANBj74wiclvfuDLGfuDlFZgJ62
11/24/2023,118.9,0,381,0,374.4166667,hhANBj74wiclvfuDLGfuDlFZgJ62
11/25/2023,0,308.8666667,248.45,0,504.2333333,hhANBj74wiclvfuDLGfuDlFZgJ62
11/26/2023,0,54.76666667,261.9,7.25,449.3333333,hhANBj74wiclvfuDLGfuDlFZgJ62
11/27/2023,276.8666667,231.8166667,93,5.483333333,442.9833333,hhANBj74wiclvfuDLGfuDlFZgJ62
11/28/2023,318.1,133.85,262.87,8.916666667,471.2666667,hhANBj74wiclvfuDLGfuDlFZgJ62
11/29/2023,325.3666667,0,419,0,346.0166667,hhANBj74wiclvfuDLGfuDlFZgJ62
11/30/2023,262.6333333,10.01666667,278,9.233333333,426.25,hhANBj74wiclvfuDLGfuDlFZgJ62
12/1/2023,180.77,43.77,387.62,9.62,511.47,hhANBj74wiclvfuDLGfuDlFZgJ62
12/2/2023,93.5,0,180,0,384.3,hhANBj74wiclvfuDLGfuDlFZgJ62
12/3/2023,0,0,514.3,8.87,450.07,hhANBj74wiclvfuDLGfuDlFZgJ62
12/4/2023,156.59,13.5,169,11.88,421.8,hhANBj74wiclvfuDLGfuDlFZgJ62
12/5/2023,273.7166667,65.56666667,302,6.7,389.35,hhANBj74wiclvfuDLGfuDlFZgJ62
12/6/2023,318.8666667,111.6166667,0,53.41666667,475.0333333,hhANBj74wiclvfuDLGfuDlFZgJ62
12/7/2023,335.6,0,381,0,449.9666667,hhANBj74wiclvfuDLGfuDlFZgJ62
12/8/2023,0,0,582,0,376.5833333,hhANBj74wiclvfuDLGfuDlFZgJ62
12/9/2023,136.25,0,573.85,0,468.95,hhANBj74wiclvfuDLGfuDlFZgJ62
12/10/2023,0,0,605.86,0,465,hhANBj74wiclvfuDLGfuDlFZgJ62
12/11/2023,132.2133333,0,509.07,0,501.8833333,hhANBj74wiclvfuDLGfuDlFZgJ62
12/12/2023,0,118.2666667,320.73,34.03333333,413.15,hhANBj74wiclvfuDLGfuDlFZgJ62
12/13/2023,19.85,0,226.13,0,365.18,hhANBj74wiclvfuDLGfuDlFZgJ62
12/14/2023,0,10.3,203,5.75,534.4,hhANBj74wiclvfuDLGfuDlFZgJ62
12/15/2023,325.5666667,47.41666667,0,10.2,507.9166667,hhANBj74wiclvfuDLGfuDlFZgJ62
12/16/2023,151.25,62.55,324,7.483333333,514.95,hhANBj74wiclvfuDLGfuDlFZgJ62
12/17/2023,114.1833333,10.05,0,30.51333333,388.6666667,hhANBj74wiclvfuDLGfuDlFZgJ62
12/18/2023,106.7,0,204,0,378.05,hhANBj74wiclvfuDLGfuDlFZgJ62
12/19/2023,0,22.73333333,284,2.95,443.35,hhANBj74wiclvfuDLGfuDlFZgJ62
12/20/2023,202.1166667,212.4666667,0,19.95,478.65,hhANBj74wiclvfuDLGfuDlFZgJ62
12/21/2023,0,180.0166667,354,9.866666667,425.4666667,hhANBj74wiclvfuDLGfuDlFZgJ62
12/22/2023,0,123,39,0,365.9666667,hhANBj74wiclvfuDLGfuDlFZgJ62
12/23/2023,0,101.5333333,0,0,564.4833333,hhANBj74wiclvfuDLGfuDlFZgJ62
12/24/2023,0,52.93,0,0,395.63,hhANBj74wiclvfuDLGfuDlFZgJ62
12/25/2023,0,0,176,0,450.57,hhANBj74wiclvfuDLGfuDlFZgJ62
12/26/2023,0,0,308,0,570,hhANBj74wiclvfuDLGfuDlFZgJ62
12/27/2023,0,0,578,0,540.73,hhANBj74wiclvfuDLGfuDlFZgJ62
12/28/2023,0,0,467.93,0,419.37,hhANBj74wiclvfuDLGfuDlFZgJ62
12/29/2023,0,0,475,0,384.15,hhANBj74wiclvfuDLGfuDlFZgJ62
12/30/2023,0,0,496,0,496.67,hhANBj74wiclvfuDLGfuDlFZgJ62
12/31/2023,0,0,460,0,467.88,hhANBj74wiclvfuDLGfuDlFZgJ62
1/1/2024,0,80.74666667,0,41.15333333,501.9,hhANBj74wiclvfuDLGfuDlFZgJ62
1/2/2024,0,0,572,0,505.88,hhANBj74wiclvfuDLGfuDlFZgJ62
1/3/2024,0,0,580.13,0,528.95,hhANBj74wiclvfuDLGfuDlFZgJ62
1/4/2024,0,0,128.29,0,472.18,hhANBj74wiclvfuDLGfuDlFZgJ62
1/5/2024,0,0,325,0,398.33,hhANBj74wiclvfuDLGfuDlFZgJ62
1/6/2024,0,0,581.94,0,410,hhANBj74wiclvfuDLGfuDlFZgJ62
1/7/2024,0,0,774.06,0,398.33,hhANBj74wiclvfuDLGfuDlFZgJ62
1/8/2024,231.7333333,10.35,255,7.083333333,405.4166667,hhANBj74wiclvfuDLGfuDlFZgJ62
1/9/2024,64.41666667,88.63333333,313.5,79.43333333,408.2,hhANBj74wiclvfuDLGfuDlFZgJ62
1/10/2024,183.85,85.65,304.1,57.38333333,422.3666667,hhANBj74wiclvfuDLGfuDlFZgJ62
1/11/2024,0,0,432.99,0,335.77,hhANBj74wiclvfuDLGfuDlFZgJ62
1/12/2024,0,94.76666667,387,9.05,469.8166667,hhANBj74wiclvfuDLGfuDlFZgJ62
1/13/2024,0,20.9,242,10,472.4833333,hhANBj74wiclvfuDLGfuDlFZgJ62
1/14/2024,0,250.8366667,185,4.483333333,449.35,hhANBj74wiclvfuDLGfuDlFZgJ62
1/15/2024,110.55,188.3166667,306,6.82,412.7,hhANBj74wiclvfuDLGfuDlFZgJ62
1/16/2024,40.51666667,267.32,393,62.88333333,438.2833333,hhANBj74wiclvfuDLGfuDlFZgJ62
1/17/2024,130.3,158.6,245,95.22,531.7333333,hhANBj74wiclvfuDLGfuDlFZgJ62
1/18/2024,187.35,120.9583333,422,55.96666667,437.1833333,hhANBj74wiclvfuDLGfuDlFZgJ62
1/19/2024,125.3833333,76.36666667,404,12.4,387.9333333,hhANBj74wiclvfuDLGfuDlFZgJ62
1/20/2024,172.8833333,10.56666667,140,37.71666667,495.4,hhANBj74wiclvfuDLGfuDlFZgJ62
1/21/2024,310.1,107.4,46,42.9,410.4,hhANBj74wiclvfuDLGfuDlFZgJ62
1/22/2024,204.15,164.1666667,317,43.5,309.1,hhANBj74wiclvfuDLGfuDlFZgJ62
1/23/2024,67.21666667,244.5166667,134.4166667,89.2,422.2,hhANBj74wiclvfuDLGfuDlFZgJ62
1/24/2024,318.2833333,10.51666667,303,0,530.45,hhANBj74wiclvfuDLGfuDlFZgJ62
1/25/2024,0,108.2666667,394,49.98333333,514.0333333,hhANBj74wiclvfuDLGfuDlFZgJ62
1/26/2024,160.0333333,182.8,225,130.7166667,491,hhANBj74wiclvfuDLGfuDlFZgJ62
1/27/2024,0,67.6,321,116.7666667,405.05,hhANBj74wiclvfuDLGfuDlFZgJ62
1/28/2024,0,119.2333333,234,127.1833333,541.8333333,hhANBj74wiclvfuDLGfuDlFZgJ62
1/29/2024,230.5833333,188.95,0,67.66666667,490.75,hhANBj74wiclvfuDLGfuDlFZgJ62
1/30/2024,10.83333333,30.68333333,475,57.2,524.5,hhANBj74wiclvfuDLGfuDlFZgJ62
1/31/2024,295.0166667,178.1833333,0,49.1,523.4666667,hhANBj74wiclvfuDLGfuDlFZgJ62
2/1/2024,182.6166667,292,0,73.46666667,501.95,hhANBj74wiclvfuDLGfuDlFZgJ62
2/2/2024,150.3333333,238.2166667,92.38333333,47.63,520.85,hhANBj74wiclvfuDLGfuDlFZgJ62
2/3/2024,0,74.21666667,315.3166667,16.5,419.3333333,hhANBj74wiclvfuDLGfuDlFZgJ62
2/4/2024,0,316.8,123,11.01666667,424.4166667,hhANBj74wiclvfuDLGfuDlFZgJ62
2/5/2024,71,278.0333333,134,9.566666667,509.1166667,hhANBj74wiclvfuDLGfuDlFZgJ62
2/6/2024,169.3166667,143.35,275,43.63333333,430.2333333,hhANBj74wiclvfuDLGfuDlFZgJ62
2/7/2024,0,0,581,0,449.5833333,hhANBj74wiclvfuDLGfuDlFZgJ62
2/8/2024,118.2,272.7333333,46,54.3,488.1333333,hhANBj74wiclvfuDLGfuDlFZgJ62
2/9/2024,77,0,556,3.28,506,hhANBj74wiclvfuDLGfuDlFZgJ62
2/10/2024,0,0,648,0,441,hhANBj74wiclvfuDLGfuDlFZgJ62
2/11/2024,0,0,417,0,499,hhANBj74wiclvfuDLGfuDlFZgJ62
2/12/2024,158.7666667,319.0166667,185,8.5,498.7333333,hhANBj74wiclvfuDLGfuDlFZgJ62
2/13/2024,0,285.9333333,292,0,486,hhANBj74wiclvfuDLGfuDlFZgJ62
2/14/2024,0,117,460,0,448,hhANBj74wiclvfuDLGfuDlFZgJ62
2/15/2024,358.7833333,105.1833333,16,9.5,325.8166667,hhANBj74wiclvfuDLGfuDlFZgJ62
2/16/2024,111.6,254.9166667,174,9.066666667,559,hhANBj74wiclvfuDLGfuDlFZgJ62
2/17/2024,0,0,629,0,493,hhANBj74wiclvfuDLGfuDlFZgJ62
2/18/2024,0,0,168,0,470,hhANBj74wiclvfuDLGfuDlFZgJ62
2/19/2024,0,0,534,0,437,hhANBj74wiclvfuDLGfuDlFZgJ62
2/20/2024,0,0,470,0,471,hhANBj74wiclvfuDLGfuDlFZgJ62
2/21/2024,0,74.65,62,84.55,448.5833333,hhANBj74wiclvfuDLGfuDlFZgJ62
2/22/2024,0,395.1333333,75,9.033333333,406.25,hhANBj74wiclvfuDLGfuDlFZgJ62
2/23/2024,0,82.6,429,0,473.7333333,hhANBj74wiclvfuDLGfuDlFZgJ62
2/24/2024,0,0,311,0,470,hhANBj74wiclvfuDLGfuDlFZgJ62
2/25/2024,0,203.9333333,303,7.666666667,416.1833333,hhANBj74wiclvfuDLGfuDlFZgJ62
2/26/2024,0,403.1166667,457.1833333,9.833333333,489.3166667,hhANBj74wiclvfuDLGfuDlFZgJ62
2/27/2024,0,263.9833333,231,0,457.1833333,hhANBj74wiclvfuDLGfuDlFZgJ62
2/28/2024,0,0,325,0,439.6666667,hhANBj74wiclvfuDLGfuDlFZgJ62
2/29/2024,0,13.91666667,378,15.16666667,375,hhANBj74wiclvfuDLGfuDlFZgJ62
3/1/2024,0,27.4,0,0,390,hhANBj74wiclvfuDLGfuDlFZgJ62
3/2/2024,0,0,324,0,286,hhANBj74wiclvfuDLGfuDlFZgJ62
3/3/2024,0,0,565,0,537,hhANBj74wiclvfuDLGfuDlFZgJ62
3/4/2024,0,7.983333333,83,0,369,hhANBj74wiclvfuDLGfuDlFZgJ62
3/5/2024,0,0,619,0,622,hhANBj74wiclvfuDLGfuDlFZgJ62
3/6/2024,0,57.16666667,0,9.8,496,hhANBj74wiclvfuDLGfuDlFZgJ62
3/7/2024,0,375.05,0,18.05,443.2333333,hhANBj74wiclvfuDLGfuDlFZgJ62
3/8/2024,0,189,203,11.2,537,hhANBj74wiclvfuDLGfuDlFZgJ62
3/9/2024,0,0,626,0,470,hhANBj74wiclvfuDLGfuDlFZgJ62
3/10/2024,0,0,601,0,513,hhANBj74wiclvfuDLGfuDlFZgJ62
3/11/2024,346,110.97,0,19.55,371,hhANBj74wiclvfuDLGfuDlFZgJ62
3/12/2024,103,86.75,62,6.87,349,hhANBj74wiclvfuDLGfuDlFZgJ62
3/13/2024,247,13.32,70,81.03,474,hhANBj74wiclvfuDLGfuDlFZgJ62
3/14/2024,206,142.98,37,51.7,435,hhANBj74wiclvfuDLGfuDlFZgJ62
3/15/2024,143,14.03,386,0,426,hhANBj74wiclvfuDLGfuDlFZgJ62
3/16/2024,107,0,414,11.15,444,hhANBj74wiclvfuDLGfuDlFZgJ62
3/17/2024,67,0,526,0,498,hhANBj74wiclvfuDLGfuDlFZgJ62
3/18/2024,344.95,158.66,0,46.64,347,hhANBj74wiclvfuDLGfuDlFZgJ62
3/19/2024,363,228.36,0,5.6,388,hhANBj74wiclvfuDLGfuDlFZgJ62
3/20/2024,232,95.35,0,53.45,349,hhANBj74wiclvfuDLGfuDlFZgJ62
3/21/2024,321,68.3,0,8.45,373,hhANBj74wiclvfuDLGfuDlFZgJ62
3/22/2024,159,10.92,154,6.35,405,hhANBj74wiclvfuDLGfuDlFZgJ62
3/23/2024,0,0,797,0,528,hhANBj74wiclvfuDLGfuDlFZgJ62
3/24/2024,0,0,481,0,419,hhANBj74wiclvfuDLGfuDlFZgJ62
3/25/2024,248.28,69.35,0,39.86,404,hhANBj74wiclvfuDLGfuDlFZgJ62
3/26/2024,341,24.14,0,47.69,396,hhANBj74wiclvfuDLGfuDlFZgJ62
3/27/2024,340,0,0,7.72,461,hhANBj74wiclvfuDLGfuDlFZgJ62
3/28/2024,261.83,10.85,0,0,324,hhANBj74wiclvfuDLGfuDlFZgJ62
3/29/2024,0,0,160,0,424,hhANBj74wiclvfuDLGfuDlFZgJ62
3/30/2024,305,10.22,0,10.62,401,hhANBj74wiclvfuDLGfuDlFZgJ62
3/31/2024,341,10.52,149,10.1,413,hhANBj74wiclvfuDLGfuDlFZgJ62
4/1/2024,520,11.35,0,7.52,485,hhANBj74wiclvfuDLGfuDlFZgJ62
4/2/2024,480,57.12,0,19.38,332,hhANBj74wiclvfuDLGfuDlFZgJ62
4/3/2024,514,57,0,9.58,359,hhANBj74wiclvfuDLGfuDlFZgJ62
4/4/2024,313,10.42,209,36.65,349,hhANBj74wiclvfuDLGfuDlFZgJ62
4/5/2024,307,10.53,177,27.62,390,hhANBj74wiclvfuDLGfuDlFZgJ62
4/6/2024,0,0,512,0,639,hhANBj74wiclvfuDLGfuDlFZgJ62
4/7/2024,270,0,178,0,563,hhANBj74wiclvfuDLGfuDlFZgJ62
4/8/2024,599.6666667,10.5,0,24.98333333,331,hhANBj74wiclvfuDLGfuDlFZgJ62
4/9/2024,187.7333333,10.05,421,10.95,470.2666667,hhANBj74wiclvfuDLGfuDlFZgJ62
4/10/2024,164.5666667,0,0,0,457,hhANBj74wiclvfuDLGfuDlFZgJ62
4/11/2024,466.3166667,0,228,10.28333333,337.7,hhANBj74wiclvfuDLGfuDlFZgJ62
4/12/2024,120.1833333,0,305,0,492,hhANBj74wiclvfuDLGfuDlFZgJ62
4/13/2024,398,0,82,0,481,hhANBj74wiclvfuDLGfuDlFZgJ62
4/14/2024,399,10.08,288,11.05,409,hhANBj74wiclvfuDLGfuDlFZgJ62
4/15/2024,583,6.18,0,0,382,hhANBj74wiclvfuDLGfuDlFZgJ62
4/16/2024,473,0,93,6.92,354,hhANBj74wiclvfuDLGfuDlFZgJ62
4/17/2024,448.93,10.53,279,9.32,412,hhANBj74wiclvfuDLGfuDlFZgJ62
4/18/2024,360.05,10.1,0,8.2,363,hhANBj74wiclvfuDLGfuDlFZgJ62
4/19/2024,367.55,0,81,0,478.9166667,hhANBj74wiclvfuDLGfuDlFZgJ62
4/20/2024,220.2833333,10.18333333,380,0,507,hhANBj74wiclvfuDLGfuDlFZgJ62
4/21/2024,412.6666667,14,272,0,378.1666667,hhANBj74wiclvfuDLGfuDlFZgJ62
4/22/2024,527.0666667,10.63333333,0,59.05,375.8666667,hhANBj74wiclvfuDLGfuDlFZgJ62
4/23/2024,428.05,10.11666667,0,9.783333333,355.8833333,hhANBj74wiclvfuDLGfuDlFZgJ62
4/24/2024,224.55,10.95,162,10.51666667,300.3666667,hhANBj74wiclvfuDLGfuDlFZgJ62
4/25/2024,46.96666667,0,246,0,513.0833333,hhANBj74wiclvfuDLGfuDlFZgJ62
4/26/2024,235.2666667,11.95,392,14.45,525.15,hhANBj74wiclvfuDLGfuDlFZgJ62
4/27/2024,206.7166667,12.65,171,96.83333333,478,hhANBj74wiclvfuDLGfuDlFZgJ62
4/28/2024,162.9833333,13.03333333,142,92.71666667,584.15,hhANBj74wiclvfuDLGfuDlFZgJ62
4/29/2024,614.9166667,11.41666667,75,47.13333333,381.7666667,hhANBj74wiclvfuDLGfuDlFZgJ62
4/30/2024,436.7666667,10.75,84,47.4,345,hhANBj74wiclvfuDLGfuDlFZgJ62
5/1/2024,104.4833333,13.51666667,226,9.8,458,hhANBj74wiclvfuDLGfuDlFZgJ62
5/2/2024,468.6,12.36666667,0,53.83333333,328,hhANBj74wiclvfuDLGfuDlFZgJ62
5/3/2024,383.55,11.36666667,64,43.26666667,454,hhANBj74wiclvfuDLGfuDlFZgJ62
5/4/2024,269.7,0,194,0,380.7166667,hhANBj74wiclvfuDLGfuDlFZgJ62
5/5/2024,361.5,10.38333333,200,30.85,485.6833333,hhANBj74wiclvfuDLGfuDlFZgJ62
5/6/2024,629.3333333,10.46666667,66,44.83666667,386.6166667,hhANBj74wiclvfuDLGfuDlFZgJ62
5/7/2024,537.1333333,10.66666667,51,18.98333333,377.7,hhANBj74wiclvfuDLGfuDlFZgJ62
5/8/2024,653.6333333,11.78333333,45,10.66666667,405.6833333,hhANBj74wiclvfuDLGfuDlFZgJ62
5/9/2024,595.3166667,10.41666667,53,9.116666667,365.9666667,hhANBj74wiclvfuDLGfuDlFZgJ62
5/10/2024,371.4333333,10.05,185,10.31666667,404.0166667,hhANBj74wiclvfuDLGfuDlFZgJ62
5/11/2024,309.9833333,0,0,22.96666667,351.3333333,hhANBj74wiclvfuDLGfuDlFZgJ62
5/12/2024,485.1666667,10.03333333,0,0,335.6666667,hhANBj74wiclvfuDLGfuDlFZgJ62
5/13/2024,735.4,11.33333333,0,9.05,368.9833333,hhANBj74wiclvfuDLGfuDlFZgJ62
5/14/2024,323.15,0,97,0,357.45,hhANBj74wiclvfuDLGfuDlFZgJ62
5/15/2024,541.0666667,10.43333333,68,8.966666667,480,hhANBj74wiclvfuDLGfuDlFZgJ62
5/16/2024,455.95,0,118,0,332.5166667,hhANBj74wiclvfuDLGfuDlFZgJ62
5/17/2024,537.0666667,0,110,8.066666667,383.7833333,hhANBj74wiclvfuDLGfuDlFZgJ62
5/18/2024,0,0,361,7.766666667,454.2166667,hhANBj74wiclvfuDLGfuDlFZgJ62
5/19/2024,109.0333333,0,71,0,590.5833333,hhANBj74wiclvfuDLGfuDlFZgJ62
5/20/2024,654.0333333,10.9,0,6.916666667,448.95,hhANBj74wiclvfuDLGfuDlFZgJ62
5/21/2024,506.1,10.65,89.1,11.28333333,439.7333333,hhANBj74wiclvfuDLGfuDlFZgJ62
5/22/2024,571.7666667,0,106,8.883333333,513.7,hhANBj74wiclvfuDLGfuDlFZgJ62
5/23/2024,548.9666667,0,125,0,504.9333333,hhANBj74wiclvfuDLGfuDlFZgJ62
5/24/2024,486.85,0,133,0,472.7,hhANBj74wiclvfuDLGfuDlFZgJ62
5/25/2024,360.75,0,0,0,449.2833333,hhANBj74wiclvfuDLGfuDlFZgJ62
5/26/2024,266.9,0,290,0,340,hhANBj74wiclvfuDLGfuDlFZgJ62
5/27/2024,608.4666667,0,109,0,440,hhANBj74wiclvfuDLGfuDlFZgJ62
5/28/2024,613.3833333,11.01666667,0,8.683333333,426.5666667,hhANBj74wiclvfuDLGfuDlFZgJ62
5/29/2024,573.15,10.25,149.8666667,9.466666667,414.3666667,hhANBj74wiclvfuDLGfuDlFZgJ62
5/30/2024,524.0333333,10.31666667,22.85,0,480,hhANBj74wiclvfuDLGfuDlFZgJ62
5/31/2024,484.7666667,0,0,0,530.6666667,hhANBj74wiclvfuDLGfuDlFZgJ62
6/1/2024,0,0,696,9.95,401.35,hhANBj74wiclvfuDLGfuDlFZgJ62
6/2/2024,0,0,743,0,419,hhANBj74wiclvfuDLGfuDlFZgJ62
6/3/2024,570.3333333,0,0,6.8,465.45,hhANBj74wiclvfuDLGfuDlFZgJ62
6/4/2024,488.4666667,10.08333333,0,9.15,466.6333333,hhANBj74wiclvfuDLGfuDlFZgJ62
6/5/2024,529.85,0,32,0,442.95,hhANBj74wiclvfuDLGfuDlFZgJ62
6/6/2024,499.1666667,0,36,0,403.75,hhANBj74wiclvfuDLGfuDlFZgJ62
6/7/2024,592.6666667,0,0,0,382,hhANBj74wiclvfuDLGfuDlFZgJ62
6/8/2024,372.6,0,181,0,453,hhANBj74wiclvfuDLGfuDlFZgJ62
6/9/2024,659.7333333,0,125,0,348.3166667,hhANBj74wiclvfuDLGfuDlFZgJ62
6/10/2024,523.4666667,0,0,0,325.4,hhANBj74wiclvfuDLGfuDlFZgJ62
6/11/2024,529.3,0,39,0,552,hhANBj74wiclvfuDLGfuDlFZgJ62
6/12/2024,99.05,0,78,0,405.8,hhANBj74wiclvfuDLGfuDlFZgJ62
6/13/2024,209.2833333,0,318,0,396.9166667,hhANBj74wiclvfuDLGfuDlFZgJ62
6/14/2024,295.75,0,0,0,386,hhANBj74wiclvfuDLGfuDlFZgJ62
6/15/2024,0,0,156,0,309,hhANBj74wiclvfuDLGfuDlFZgJ62
6/16/2024,0,0,656,0,573,hhANBj74wiclvfuDLGfuDlFZgJ62
6/17/2024,0,0,784,0,420,hhANBj74wiclvfuDLGfuDlFZgJ62
6/18/2024,0,0,315,0,419,hhANBj74wiclvfuDLGfuDlFZgJ62
6/19/2024,0,0,833,0,440,hhANBj74wiclvfuDLGfuDlFZgJ62
6/20/2024,0,0,626,0,443,hhANBj74wiclvfuDLGfuDlFZgJ62
6/21/2024,0,0,0,0,0,hhANBj74wiclvfuDLGfuDlFZgJ62
6/22/2024,0,0,642,0,349,hhANBj74wiclvfuDLGfuDlFZgJ62
6/23/2024,155,0,655,0,446,hhANBj74wiclvfuDLGfuDlFZgJ62
6/24/2024,179.2166667,0,404,41.71666667,451,hhANBj74wiclvfuDLGfuDlFZgJ62
6/25/2024,0,0,780,139.2833333,328.0833333,hhANBj74wiclvfuDLGfuDlFZgJ62
6/26/2024,0,0,603,0,367,hhANBj74wiclvfuDLGfuDlFZgJ62
6/27/2024,28.93333333,0,504,51.21666667,491.5333333,hhANBj74wiclvfuDLGfuDlFZgJ62
6/28/2024,0,0,503,0,474,hhANBj74wiclvfuDLGfuDlFZgJ62
6/29/2024,31.7,0,259.1,0,382.15,hhANBj74wiclvfuDLGfuDlFZgJ62
6/30/2024,0,0,420,167.45,498,hhANBj74wiclvfuDLGfuDlFZgJ62
7/1/2024,68,0,663,22.95,503.7333333,hhANBj74wiclvfuDLGfuDlFZgJ62
7/2/2024,0,0,789,0,479,hhANBj74wiclvfuDLGfuDlFZgJ62
7/3/2024,0,0,166,0,284,hhANBj74wiclvfuDLGfuDlFZgJ62
7/4/2024,47.98333333,17.1,222,0,452.4333333,hhANBj74wiclvfuDLGfuDlFZgJ62
7/5/2024,0,11.53333333,211,13.71666667,567.1833333,hhANBj74wiclvfuDLGfuDlFZgJ62
7/6/2024,0,0,325,195.4833333,471.9166667,hhANBj74wiclvfuDLGfuDlFZgJ62
7/7/2024,59.41666667,12.25,324,60.83333333,482.0333333,hhANBj74wiclvfuDLGfuDlFZgJ62
7/8/2024,65.21666667,10.28333333,0,229.3,448.8333333,hhANBj74wiclvfuDLGfuDlFZgJ62
7/9/2024,70.6,13.16666667,0,169.2166667,575.0166667,hhANBj74wiclvfuDLGfuDlFZgJ62
7/10/2024,0,439.2333333,0,113.9166667,468,hhANBj74wiclvfuDLGfuDlFZgJ62
7/11/2024,99.58333333,136.3333333,195,89.18333333,566.6333333,hhANBj74wiclvfuDLGfuDlFZgJ62
7/12/2024,0,132.35,273,76.58333333,516.7833333,hhANBj74wiclvfuDLGfuDlFZgJ62
7/13/2024,0,132.9,0,221.6833333,517.6833333,hhANBj74wiclvfuDLGfuDlFZgJ62
7/14/2024,64.1,41.75,181.1166667,71.7,464.15,hhANBj74wiclvfuDLGfuDlFZgJ62
7/15/2024,34.33333333,0,318,16.61,491.9166667,hhANBj74wiclvfuDLGfuDlFZgJ62
7/16/2024,253.2,126.25,264,0,391.1333333,hhANBj74wiclvfuDLGfuDlFZgJ62
7/17/2024,136.5833333,115.7333333,183,99.63333333,494.9,hhANBj74wiclvfuDLGfuDlFZgJ62
7/18/2024,62.45,0,151,71.55,410.7833333,hhANBj74wiclvfuDLGfuDlFZgJ62
7/19/2024,0,74.85,301,125.2833333,501.4833333,hhANBj74wiclvfuDLGfuDlFZgJ62
7/20/2024,0,59.83,299,31.1,445.8,hhANBj74wiclvfuDLGfuDlFZgJ62
7/21/2024,0,86.81666667,167,0,483.0833333,hhANBj74wiclvfuDLGfuDlFZgJ62
7/22/2024,42.2,89.21666667,246,0,572.85,hhANBj74wiclvfuDLGfuDlFZgJ62
7/23/2024,0,122.9166667,149,109.8333333,520.9,hhANBj74wiclvfuDLGfuDlFZgJ62
7/24/2024,18.56666667,108.2166667,0,243.3333333,507.1,hhANBj74wiclvfuDLGfuDlFZgJ62
7/25/2024,0,353.3333333,0,113.55,553.95,hhANBj74wiclvfuDLGfuDlFZgJ62
7/26/2024,0,166.8166667,419,130.4833333,439.6833333,hhANBj74wiclvfuDLGfuDlFZgJ62
7/27/2024,0,56.28333333,256,137.95,416.8,hhANBj74wiclvfuDLGfuDlFZgJ62
7/28/2024,71.18333333,388.6166667,0,91.46666667,388.6666667,hhANBj74wiclvfuDLGfuDlFZgJ62
7/29/2024,13.1,201.85,205,191.4833333,523,hhANBj74wiclvfuDLGfuDlFZgJ62
7/30/2024,0,11.06666667,66,186.0833333,377,hhANBj74wiclvfuDLGfuDlFZgJ62
7/31/2024,0,10.6,165,12.61666667,675.35,hhANBj74wiclvfuDLGfuDlFZgJ62
8/1/2024,41.48333333,408.9333333,0,128.7666667,569.5333333,hhANBj74wiclvfuDLGfuDlFZgJ62
8/2/2024,193.2166667,76.31666667,0,132.18,523.55,hhANBj74wiclvfuDLGfuDlFZgJ62
8/3/2024,0,240.2166667,0,111.1833333,535.65,hhANBj74wiclvfuDLGfuDlFZgJ62
8/4/2024,0,234.1,78,253.3166667,530.1833333,hhANBj74wiclvfuDLGfuDlFZgJ62
8/5/2024,120.9833333,410.4833333,0,68.38333333,481.7333333,hhANBj74wiclvfuDLGfuDlFZgJ62
8/6/2024,138.25,382.8166667,0,81.66666667,506.3333333,hhANBj74wiclvfuDLGfuDlFZgJ62
8/7/2024,127.6833333,265.2333333,0,83.61666667,480.6166667,hhANBj74wiclvfuDLGfuDlFZgJ62
8/8/2024,0,34.51666667,347,208.9333333,451,hhANBj74wiclvfuDLGfuDlFZgJ62
8/9/2024,0,156.3,553.52,2.683333333,382,hhANBj74wiclvfuDLGfuDlFZgJ62
8/10/2024,0,37.51666667,97,71.6,708,hhANBj74wiclvfuDLGfuDlFZgJ62
8/11/2024,0,414.7666667,0,229.95,516.6333333,hhANBj74wiclvfuDLGfuDlFZgJ62
8/12/2024,120.5,360.2833333,0,125.8,488.1666667,hhANBj74wiclvfuDLGfuDlFZgJ62
8/13/2024,64.83333333,243.4666667,0,88.71666667,508.3666667,hhANBj74wiclvfuDLGfuDlFZgJ62
8/14/2024,97.56666667,201.3,0,148.2666667,516,hhANBj74wiclvfuDLGfuDlFZgJ62
8/15/2024,0,14.5,0,467.4666667,490.45,hhANBj74wiclvfuDLGfuDlFZgJ62
8/16/2024,0,131.3166667,0,334.0833333,532.8666667,hhANBj74wiclvfuDLGfuDlFZgJ62
8/17/2024,0,140.1833333,440,107.4833333,496,hhANBj74wiclvfuDLGfuDlFZgJ62
8/18/2024,0,171.3333333,0,318.6666667,463.3333333,hhANBj74wiclvfuDLGfuDlFZgJ62
8/19/2024,181.55,228.6666667,0,158.35,532.7,hhANBj74wiclvfuDLGfuDlFZgJ62
8/20/2024,0,59.4,0,196.6333333,487.6666667,hhANBj74wiclvfuDLGfuDlFZgJ62
8/21/2024,85.2,295.7833333,132,71.35,630,hhANBj74wiclvfuDLGfuDlFZgJ62
8/22/2024,0,246.2833333,249,153.2833333,531,hhANBj74wiclvfuDLGfuDlFZgJ62
8/23/2024,84.26666667,284.45,0,69.75,487.3666667,hhANBj74wiclvfuDLGfuDlFZgJ62
8/24/2024,0,205.9333333,123,40.45,491.6166667,hhANBj74wiclvfuDLGfuDlFZgJ62
8/25/2024,0,11.38333333,239,324,570,hhANBj74wiclvfuDLGfuDlFZgJ62
8/26/2024,0,101.5833333,115,0,527.35,hhANBj74wiclvfuDLGfuDlFZgJ62
8/27/2024,73,0,303,0,334,hhANBj74wiclvfuDLGfuDlFZgJ62
8/28/2024,0,0,91,0,383.1166667,hhANBj74wiclvfuDLGfuDlFZgJ62
8/29/2024,75.4,15.36666667,29,66.75,484.7,hhANBj74wiclvfuDLGfuDlFZgJ62
8/30/2024,91.2,47.48333333,107,48.56666667,455.5,hhANBj74wiclvfuDLGfuDlFZgJ62
8/31/2024,0,191.3,543,9.033333333,460,hhANBj74wiclvfuDLGfuDlFZgJ62
9/1/2024,43.6,88.68666667,147.4166667,160.9166667,436.6833333,hhANBj74wiclvfuDLGfuDlFZgJ62
9/2/2024,94.35,246.6333333,70,104.47,432,hhANBj74wiclvfuDLGfuDlFZgJ62
9/3/2024,57.36666667,293.1833333,84,12,455.5333333,hhANBj74wiclvfuDLGfuDlFZgJ62
9/4/2024,65.63333333,284.8166667,123,60.68333333,406,hhANBj74wiclvfuDLGfuDlFZgJ62
9/5/2024,58.48333333,263,131,57.3,450.6333333,hhANBj74wiclvfuDLGfuDlFZgJ62
9/6/2024,122.9333333,143.9,22,54.96666667,361.6666667,hhANBj74wiclvfuDLGfuDlFZgJ62
9/7/2024,103,0,155,0,409,hhANBj74wiclvfuDLGfuDlFZgJ62
9/8/2024,0,16.6,509,79.88333333,594.4333333,hhANBj74wiclvfuDLGfuDlFZgJ62
9/9/2024,258.7333333,134.6166667,88,72.26666667,385.7833333,hhANBj74wiclvfuDLGfuDlFZgJ62
9/10/2024,335.0666667,132.7533333,39,51.01666667,372,hhANBj74wiclvfuDLGfuDlFZgJ62
9/11/2024,119.05,52.06666667,191,68.73333333,334.3166667,hhANBj74wiclvfuDLGfuDlFZgJ62
9/12/2024,365.8666667,43.13333333,41,58.93333333,533,hhANBj74wiclvfuDLGfuDlFZgJ62
9/13/2024,454.3,56.27,36,45.61666667,393,hhANBj74wiclvfuDLGfuDlFZgJ62
9/14/2024,191,10.05,36,12.91,398,hhANBj74wiclvfuDLGfuDlFZgJ62
9/15/2024,0,22.46666667,554,93.83333333,555.1833333,hhANBj74wiclvfuDLGfuDlFZgJ62
9/16/2024,278.45,114.0166667,86,54.65,398,hhANBj74wiclvfuDLGfuDlFZgJ62
9/17/2024,378.05,136.2166667,36,63.33,386,hhANBj74wiclvfuDLGfuDlFZgJ62
9/18/2024,314.0833333,128.6,66,49.15,370,hhANBj74wiclvfuDLGfuDlFZgJ62
9/19/2024,326.3166667,98.4,221,11.67,393,hhANBj74wiclvfuDLGfuDlFZgJ62
9/20/2024,194.4666667,1.77,129,0,396,hhANBj74wiclvfuDLGfuDlFZgJ62
9/21/2024,0,0,592,0,449,hhANBj74wiclvfuDLGfuDlFZgJ62
9/22/2024,0,0,0,238.1166667,664,hhANBj74wiclvfuDLGfuDlFZgJ62
9/23/2024,453.5366667,61.6,13.31666667,66.28,383,hhANBj74wiclvfuDLGfuDlFZgJ62
9/24/2024,509.8166667,107.17,0,67.88333333,376,hhANBj74wiclvfuDLGfuDlFZgJ62
9/25/2024,261.3,15.97,315,26,385,hhANBj74wiclvfuDLGfuDlFZgJ62
9/26/2024,550.5333333,10.65,0,30.88333333,315,hhANBj74wiclvfuDLGfuDlFZgJ62
9/27/2024,148.3,13.7,339,58.78333333,445.5833333,hhANBj74wiclvfuDLGfuDlFZgJ62
9/28/2024,314.2166667,0,284,0,406,hhANBj74wiclvfuDLGfuDlFZgJ62
9/29/2024,0,0,271,26.57,525,hhANBj74wiclvfuDLGfuDlFZgJ62
9/30/2024,415.8333333,162.7066667,0,48.75333333,389,hhANBj74wiclvfuDLGfuDlFZgJ62
10/1/2024,463.6,103.8666667,24,75.40333333,385,hhANBj74wiclvfuDLGfuDlFZgJ62
10/2/2024,322.2166667,55.28666667,141,52.4,349.1666667,hhANBj74wiclvfuDLGfuDlFZgJ62
10/3/2024,429.0833333,107.77,7,72.11666667,464,hhANBj74wiclvfuDLGfuDlFZgJ62
10/4/2024,482,106.6,115,43.86666667,423,hhANBj74wiclvfuDLGfuDlFZgJ62
10/5/2024,231,11.02,160,30.88,379,hhANBj74wiclvfuDLGfuDlFZgJ62
10/6/2024,0,0,679,0,532,hhANBj74wiclvfuDLGfuDlFZgJ62
10/7/2024,476.45,12.5,27,15,353,hhANBj74wiclvfuDLGfuDlFZgJ62
10/8/2024,660.3166667,10.28,36,27.08,388,hhANBj74wiclvfuDLGfuDlFZgJ62
10/9/2024,338.1666667,0,343,0,379,hhANBj74wiclvfuDLGfuDlFZgJ62
10/10/2024,44.55,0,0,0,567,hhANBj74wiclvfuDLGfuDlFZgJ62
10/11/2024,619.5,0,16,44.92,359.7,hhANBj74wiclvfuDLGfuDlFZgJ62
10/12/2024,521.2333333,0,124,0,315.35,hhANBj74wiclvfuDLGfuDlFZgJ62
10/13/2024,0,0,619.69,0,452,hhANBj74wiclvfuDLGfuDlFZgJ62
10/14/2024,605.4833333,0,0,0,395.7833333,hhANBj74wiclvfuDLGfuDlFZgJ62
10/15/2024,603.6166667,0,0,0,360,hhANBj74wiclvfuDLGfuDlFZgJ62
10/16/2024,607.4833333,0,0,0,498.8,hhANBj74wiclvfuDLGfuDlFZgJ62
10/17/2024,618.9333333,0,0,0,344.8,hhANBj74wiclvfuDLGfuDlFZgJ62
10/18/2024,552.6666667,0,133,0,391.65,hhANBj74wiclvfuDLGfuDlFZgJ62
10/19/2024,365.0333333,0,126,0,476,hhANBj74wiclvfuDLGfuDlFZgJ62
10/20/2024,188.6666667,0,392,20,371,hhANBj74wiclvfuDLGfuDlFZgJ62
10/21/2024,0,0,262,0,436,hhANBj74wiclvfuDLGfuDlFZgJ62
10/22/2024,601.45,43.41666667,0,9,355.5,hhANBj74wiclvfuDLGfuDlFZgJ62
10/23/2024,351.95,8.65,156,0,366,hhANBj74wiclvfuDLGfuDlFZgJ62
10/24/2024,0,0,473,0,527,hhANBj74wiclvfuDLGfuDlFZgJ62
10/25/2024,640.8166667,0,0,0,440,hhANBj74wiclvfuDLGfuDlFZgJ62
10/26/2024,70,0,391,0,328,hhANBj74wiclvfuDLGfuDlFZgJ62
10/27/2024,310.3833333,0,147,0,416,hhANBj74wiclvfuDLGfuDlFZgJ62
10/28/2024,632.43,0,0,0,361.1666667,hhANBj74wiclvfuDLGfuDlFZgJ62
10/29/2024,635.55,0,0,0,381.1166667,hhANBj74wiclvfuDLGfuDlFZgJ62
10/30/2024,681.4833333,0,49,0,356,hhANBj74wiclvfuDLGfuDlFZgJ62
10/31/2024,661.05,0,24,0,369.9666667,hhANBj74wiclvfuDLGfuDlFZgJ62
11/1/2024,624.9,0,0,0,365,hhANBj74wiclvfuDLGfuDlFZgJ62
11/2/2024,0,0,360,0,501.9666667,hhANBj74wiclvfuDLGfuDlFZgJ62
11/3/2024,0,0,673,30,498,hhANBj74wiclvfuDLGfuDlFZgJ62
11/4/2024,604.0666667,29,13,14,378.15,hhANBj74wiclvfuDLGfuDlFZgJ62
11/5/2024,649.8166667,0,56,0,342.7666667,hhANBj74wiclvfuDLGfuDlFZgJ62
11/6/2024,598.4333333,0,97,0,344.0833333,hhANBj74wiclvfuDLGfuDlFZgJ62
11/7/2024,208.5333333,0,292,0,390.05,hhANBj74wiclvfuDLGfuDlFZgJ62
11/8/2024,538.2166667,0,0,0,369,hhANBj74wiclvfuDLGfuDlFZgJ62
11/9/2024,589.6333333,0,17,0,368.8,hhANBj74wiclvfuDLGfuDlFZgJ62
11/10/2024,243.6666667,0,285,0,540.7,hhANBj74wiclvfuDLGfuDlFZgJ62
11/11/2024,633,0,0,0,340.2166667,hhANBj74wiclvfuDLGfuDlFZgJ62
11/12/2024,699.8833333,0,27,0,374.9,hhANBj74wiclvfuDLGfuDlFZgJ62
11/13/2024,120.05,0,634,0,417,hhANBj74wiclvfuDLGfuDlFZgJ62
11/14/2024,631.9166667,0,49,0,375,hhANBj74wiclvfuDLGfuDlFZgJ62
11/15/2024,620.5833333,0,108,0,338,hhANBj74wiclvfuDLGfuDlFZgJ62
11/16/2024,475.5666667,0,189,0,523.8833333,hhANBj74wiclvfuDLGfuDlFZgJ62
11/17/2024,153.3833333,0,740,0,328,hhANBj74wiclvfuDLGfuDlFZgJ62
11/18/2024,555.1,0,0,10,307.8166667,hhANBj74wiclvfuDLGfuDlFZgJ62
11/19/2024,682.05,0,0,0,350.1,hhANBj74wiclvfuDLGfuDlFZgJ62
11/20/2024,684.4666667,0,0,8,339.0833333,hhANBj74wiclvfuDLGfuDlFZgJ62
11/21/2024,674.3,0,0,7,411.7666667,hhANBj74wiclvfuDLGfuDlFZgJ62
11/22/2024,586,0,0,9,399,hhANBj74wiclvfuDLGfuDlFZgJ62
11/23/2024,235.0833333,0,452,0,474.7666667,hhANBj74wiclvfuDLGfuDlFZgJ62
11/24/2024,447.2166667,0,0,0,409.5,hhANBj74wiclvfuDLGfuDlFZgJ62
11/25/2024,678.7,0,0,0,391.6833333,hhANBj74wiclvfuDLGfuDlFZgJ62
11/26/2024,567.0833333,0,0,0,394.9833333,hhANBj74wiclvfuDLGfuDlFZgJ62
11/27/2024,332.0833333,0,268,0,545.6166667,hhANBj74wiclvfuDLGfuDlFZgJ62
11/28/2024,454.7,0,0,0,404.3666667,hhANBj74wiclvfuDLGfuDlFZgJ62
11/29/2024,643.15,0,0,0,339.45,hhANBj74wiclvfuDLGfuDlFZgJ62
11/30/2024,175.9166667,0,379,0,346.6833333,hhANBj74wiclvfuDLGfuDlFZgJ62
12/1/2024,0,0,600,0,486.1833333,hhANBj74wiclvfuDLGfuDlFZgJ62
12/2/2024,360,0,0,0,486,hhANBj74wiclvfuDLGfuDlFZgJ62
12/3/2024,100,0,387,0,359.35,hhANBj74wiclvfuDLGfuDlFZgJ62
12/4/2024,0,0,156,0,401,hhANBj74wiclvfuDLGfuDlFZgJ62
12/5/2024,0,0,184,0,478,hhANBj74wiclvfuDLGfuDlFZgJ62
12/6/2024,0,0,105,0,282.4666667,hhANBj74wiclvfuDLGfuDlFZgJ62
12/7/2024,0,0,495,0,426,hhANBj74wiclvfuDLGfuDlFZgJ62
12/8/2024,0,0,484,0,426,hhANBj74wiclvfuDLGfuDlFZgJ62
12/9/2024,0,0,484,0,286,hhANBj74wiclvfuDLGfuDlFZgJ62
12/10/2024,0,0,85,0,436,hhANBj74wiclvfuDLGfuDlFZgJ62
12/11/2024,0,88,0,0,297,hhANBj74wiclvfuDLGfuDlFZgJ62
12/12/2024,0,0,258,0,479,hhANBj74wiclvfuDLGfuDlFZgJ62
12/13/2024,0,64.11666667,565,0,397.05,hhANBj74wiclvfuDLGfuDlFZgJ62
12/14/2024,0,60,407,0,463.2,hhANBj74wiclvfuDLGfuDlFZgJ62
12/15/2024,0,0,257,0,430.7166667,hhANBj74wiclvfuDLGfuDlFZgJ62
12/16/2024,0,0,98,0,320,hhANBj74wiclvfuDLGfuDlFZgJ62
12/17/2024,0,0,274,0,424,hhANBj74wiclvfuDLGfuDlFZgJ62
12/18/2024,0,0,44,0,396,hhANBj74wiclvfuDLGfuDlFZgJ62
12/19/2024,0,0,151,0,420,hhANBj74wiclvfuDLGfuDlFZgJ62
12/20/2024,0,0,742,0,439,hhANBj74wiclvfuDLGfuDlFZgJ62
12/21/2024,0,0,518,0,563,hhANBj74wiclvfuDLGfuDlFZgJ62
12/22/2024,0,0,541,0,299,hhANBj74wiclvfuDLGfuDlFZgJ62
12/23/2024,0,0,123,0,408.86,hhANBj74wiclvfuDLGfuDlFZgJ62
12/24/2024,0,0,206,0,456,hhANBj74wiclvfuDLGfuDlFZgJ62
12/25/2024,0,0,81,0,531,hhANBj74wiclvfuDLGfuDlFZgJ62
12/26/2024,0,0,453,0,333,hhANBj74wiclvfuDLGfuDlFZgJ62
12/27/2024,0,43.8,224,0,412.45,hhANBj74wiclvfuDLGfuDlFZgJ62
12/28/2024,0,0,526,0,571,hhANBj74wiclvfuDLGfuDlFZgJ62
12/29/2024,0,0,356,0,497,hhANBj74wiclvfuDLGfuDlFZgJ62
12/30/2024,0,90.33333333,168,0,553,hhANBj74wiclvfuDLGfuDlFZgJ62
12/31/2024,0,123.25,169,0,333.2833333,hhANBj74wiclvfuDLGfuDlFZgJ62
1/1/2025,0,0,248,0,375.3,hhANBj74wiclvfuDLGfuDlFZgJ62
1/2/2025,0,73,164,0,591.7166667,hhANBj74wiclvfuDLGfuDlFZgJ62
1/3/2025,0,11,168,72.47,498,hhANBj74wiclvfuDLGfuDlFZgJ62
1/4/2025,0,0,148,17,176.0833333,hhANBj74wiclvfuDLGfuDlFZgJ62
1/5/2025,0,0,329,26,592.95,hhANBj74wiclvfuDLGfuDlFZgJ62
1/6/2025,0,0,138,28,564.0333333,hhANBj74wiclvfuDLGfuDlFZgJ62
1/7/2025,0,0,429,9,320,hhANBj74wiclvfuDLGfuDlFZgJ62
1/8/2025,0,0,29,12,475,hhANBj74wiclvfuDLGfuDlFZgJ62
1/9/2025,0,0,97,30,465.2833333,hhANBj74wiclvfuDLGfuDlFZgJ62
1/10/2025,0,0,368.77,33,554.6666667,hhANBj74wiclvfuDLGfuDlFZgJ62
1/11/2025,0,0,414,0,400.1333333,hhANBj74wiclvfuDLGfuDlFZgJ62
1/12/2025,58.55,0,166,0,418,hhANBj74wiclvfuDLGfuDlFZgJ62
1/13/2025,0,0,0,0,101,hhANBj74wiclvfuDLGfuDlFZgJ62
1/14/2025,0,0,625,0,565,hhANBj74wiclvfuDLGfuDlFZgJ62
1/15/2025,0,166.8833333,154,0,540.3666667,hhANBj74wiclvfuDLGfuDlFZgJ62
1/16/2025,402.1333333,0,61,48,377.5666667,hhANBj74wiclvfuDLGfuDlFZgJ62
1/17/2025,137.1333333,0,48,0,433,hhANBj74wiclvfuDLGfuDlFZgJ62
1/18/2025,70.28333333,122.1666667,165,22,469.1166667,hhANBj74wiclvfuDLGfuDlFZgJ62
1/19/2025,0,0,156,7,257,hhANBj74wiclvfuDLGfuDlFZgJ62
1/20/2025,441.25,0,204,0,366.4166667,hhANBj74wiclvfuDLGfuDlFZgJ62
1/21/2025,436.0166667,0,70,0,299.8833333,hhANBj74wiclvfuDLGfuDlFZgJ62
1/22/2025,58.95,0,100,0,313,hhANBj74wiclvfuDLGfuDlFZgJ62
1/23/2025,286.5533333,31.4,109,0,265,hhANBj74wiclvfuDLGfuDlFZgJ62
1/24/2025,190.0166667,0,326,63,538.2333333,hhANBj74wiclvfuDLGfuDlFZgJ62
1/25/2025,276.15,0,115,0,402.55,hhANBj74wiclvfuDLGfuDlFZgJ62
1/26/2025,106.3,0,230,27,478.6666667,hhANBj74wiclvfuDLGfuDlFZgJ62
1/27/2025,172,0,158,31,213.4833333,hhANBj74wiclvfuDLGfuDlFZgJ62
1/28/2025,396.7666667,0,179,0,397.35,hhANBj74wiclvfuDLGfuDlFZgJ62
1/29/2025,309,23,143,0,422.7333333,hhANBj74wiclvfuDLGfuDlFZgJ62
1/30/2025,69.71666667,82.63333333,76,38,276.2333333,hhANBj74wiclvfuDLGfuDlFZgJ62
1/31/2025,233.2,15,176,37,369,hhANBj74wiclvfuDLGfuDlFZgJ62
2/1/2025,343.7666667,17,99,0,352,hhANBj74wiclvfuDLGfuDlFZgJ62
2/2/2025,0,43,541,44,512.3166667,hhANBj74wiclvfuDLGfuDlFZgJ62
2/3/2025,407.35,157.6916667,80,28,337,hhANBj74wiclvfuDLGfuDlFZgJ62
2/4/2025,238.4166667,100.3333333,45,15,328.25,hhANBj74wiclvfuDLGfuDlFZgJ62
2/5/2025,114.6533333,19,239,7,345,hhANBj74wiclvfuDLGfuDlFZgJ62
2/6/2025,0,33,559,33,480,hhANBj74wiclvfuDLGfuDlFZgJ62
2/7/2025,331.2,15,45,0,321.95,hhANBj74wiclvfuDLGfuDlFZgJ62
2/8/2025,46.88333333,26,139,0,460,hhANBj74wiclvfuDLGfuDlFZgJ62
2/9/2025,0,2,305.17,0,399.75,hhANBj74wiclvfuDLGfuDlFZgJ62
2/10/2025,458.5333333,23,41,22,323.4,hhANBj74wiclvfuDLGfuDlFZgJ62
2/11/2025,471.75,30,48,13,337.2833333,hhANBj74wiclvfuDLGfuDlFZgJ62
2/12/2025,464.0833333,21,106,20,353.3166667,hhANBj74wiclvfuDLGfuDlFZgJ62
2/13/2025,323.6833333,22,192,22,301.3333333,hhANBj74wiclvfuDLGfuDlFZgJ62
2/14/2025,409.8333333,95,142,11,333.85,hhANBj74wiclvfuDLGfuDlFZgJ62
2/15/2025,14.58333333,166.95,293,23,409.45,hhANBj74wiclvfuDLGfuDlFZgJ62
2/16/2025,0,6,600,0,502.45,hhANBj74wiclvfuDLGfuDlFZgJ62
2/17/2025,353.85,86.26666667,0,38,375.85,hhANBj74wiclvfuDLGfuDlFZgJ62
2/18/2025,321.1833333,128.3333333,0,16,353.15,hhANBj74wiclvfuDLGfuDlFZgJ62
2/19/2025,378.4333333,223,0,6,332.5333333,hhANBj74wiclvfuDLGfuDlFZgJ62
2/20/2025,93.51666667,108.8666667,60,0,351,hhANBj74wiclvfuDLGfuDlFZgJ62
2/21/2025,394.8,32,74,26,350.8,hhANBj74wiclvfuDLGfuDlFZgJ62
2/22/2025,166.7166667,2,59,8,485.0166667,hhANBj74wiclvfuDLGfuDlFZgJ62
2/23/2025,103.75,20,102.25,0,353.6166667,hhANBj74wiclvfuDLGfuDlFZgJ62
2/24/2025,456.8333333,148.1833333,12,39,369.3666667,hhANBj74wiclvfuDLGfuDlFZgJ62
2/25/2025,369.7333333,128.3666667,86,6,333.4333333,hhANBj74wiclvfuDLGfuDlFZgJ62
2/26/2025,297.2,26,175,8,321,hhANBj74wiclvfuDLGfuDlFZgJ62
2/27/2025,237.3833333,36,102,19,323,hhANBj74wiclvfuDLGfuDlFZgJ62
2/28/2025,218.8666667,19,253,21,354.2333333,hhANBj74wiclvfuDLGfuDlFZgJ62
3/1/2025,436.0333333,27,84,26,393.05,hhANBj74wiclvfuDLGfuDlFZgJ62
3/2/2025,135.8,5,412.0666667,18,526.45,hhANBj74wiclvfuDLGfuDlFZgJ62
3/3/2025,518.95,14,25,28,327.7,hhANBj74wiclvfuDLGfuDlFZgJ62
3/4/2025,473.25,10,243,0,334.5,hhANBj74wiclvfuDLGfuDlFZgJ62
3/5/2025,366.1166667,5,38,0,343.5666667,hhANBj74wiclvfuDLGfuDlFZgJ62
3/6/2025,247.55,2,223,0,333.2,hhANBj74wiclvfuDLGfuDlFZgJ62
3/7/2025,0,2,227,47,272.9166667,hhANBj74wiclvfuDLGfuDlFZgJ62
3/8/2025,420.8166667,33,132,0,325.2666667,hhANBj74wiclvfuDLGfuDlFZgJ62
3/9/2025,0,190.4833333,246,33,456.8,hhANBj74wiclvfuDLGfuDlFZgJ62
3/10/2025,161.25,172.6,0,6,335.6,hhANBj74wiclvfuDLGfuDlFZgJ62
3/11/2025,428.7833333,38,45,0,350.05,hhANBj74wiclvfuDLGfuDlFZgJ62
3/12/2025,145.2333333,36,33,8,294.9833333,hhANBj74wiclvfuDLGfuDlFZgJ62
3/13/2025,0,26,179,19,391.2333333,hhANBj74wiclvfuDLGfuDlFZgJ62
3/14/2025,437.35,18,30,7,318.15,hhANBj74wiclvfuDLGfuDlFZgJ62
3/15/2025,80.9,27,22,33,464.3,hhANBj74wiclvfuDLGfuDlFZgJ62
3/16/2025,371.15,16,78,18,329.5,hhANBj74wiclvfuDLGfuDlFZgJ62
3/17/2025,507.65,11,41,11,362.9333333,hhANBj74wiclvfuDLGfuDlFZgJ62
3/18/2025,373.0166667,28,55,0,316.0166667,hhANBj74wiclvfuDLGfuDlFZgJ62
3/19/2025,266.6,27,184,0,309.1166667,hhANBj74wiclvfuDLGfuDlFZgJ62
3/20/2025,433.9333333,27,101,0,327.6,hhANBj74wiclvfuDLGfuDlFZgJ62
3/21/2025,0,2,178,43,342.9166667,hhANBj74wiclvfuDLGfuDlFZgJ62
3/22/2025,107.5666667,1,201,0,385,hhANBj74wiclvfuDLGfuDlFZgJ62
3/23/2025,0,5,282.3166667,38,418.35,hhANBj74wiclvfuDLGfuDlFZgJ62
3/24/2025,217.8666667,1,65,36,446.45,hhANBj74wiclvfuDLGfuDlFZgJ62
3/25/2025,535.2,31,54,0,383.9833333,hhANBj74wiclvfuDLGfuDlFZgJ62
3/26/2025,369,33,77,0,402.8666667,hhANBj74wiclvfuDLGfuDlFZgJ62
3/27/2025,0,34,437,0,341.6666667,hhANBj74wiclvfuDLGfuDlFZgJ62
3/28/2025,416.7166667,2,66,40,448.15,hhANBj74wiclvfuDLGfuDlFZgJ62
3/29/2025,93.71666667,1,329,0,500.8666667,hhANBj74wiclvfuDLGfuDlFZgJ62
3/30/2025,0,2,274,0,342.45,hhANBj74wiclvfuDLGfuDlFZgJ62
3/31/2025,0,0,0,0,508.6,hhANBj74wiclvfuDLGfuDlFZgJ62
4/1/2025,533.75,20,74,38,352.48,hhANBj74wiclvfuDLGfuDlFZgJ62
4/2/2025,390.1833333,1,164,0,438.8,hhANBj74wiclvfuDLGfuDlFZgJ62
4/3/2025,551.5166667,6,202,0,323.9,hhANBj74wiclvfuDLGfuDlFZgJ62
4/4/2025,0,4,74,0,378.9666667,hhANBj74wiclvfuDLGfuDlFZgJ62
4/5/2025,526.6666667,83.73333333,164,23,330.8666667,hhANBj74wiclvfuDLGfuDlFZgJ62
4/6/2025,107.25,2,202,51,324,hhANBj74wiclvfuDLGfuDlFZgJ62
4/7/2025,241.3166667,33,136,0,321.3,hhANBj74wiclvfuDLGfuDlFZgJ62
4/8/2025,417.1,25,369,13,450,hhANBj74wiclvfuDLGfuDlFZgJ62
4/9/2025,318.5333333,19,243,0,411.2333333,hhANBj74wiclvfuDLGfuDlFZgJ62
4/10/2025,0,120,224,0,215,hhANBj74wiclvfuDLGfuDlFZgJ62
4/11/2025,452.8726667,1,91,0,405,hhANBj74wiclvfuDLGfuDlFZgJ62
4/12/2025,64.5,25,154,32,492.4166667,hhANBj74wiclvfuDLGfuDlFZgJ62
4/13/2025,0,0,63,0,492.4166667,hhANBj74wiclvfuDLGfuDlFZgJ62
4/14/2025,211.5,0,139,25,375.1166667,hhANBj74wiclvfuDLGfuDlFZgJ62
4/15/2025,293.4333333,0,408,0,441.5833333,hhANBj74wiclvfuDLGfuDlFZgJ62
4/16/2025,480.9166667,0,428,0,354.85,hhANBj74wiclvfuDLGfuDlFZgJ62
4/17/2025,0,0,171,0,410.4833333,hhANBj74wiclvfuDLGfuDlFZgJ62
4/18/2025,214.1666667,0,334,0,450.9333333,hhANBj74wiclvfuDLGfuDlFZgJ62
4/19/2025,51.28333333,0,105.6166667,0,407.1166667,hhANBj74wiclvfuDLGfuDlFZgJ62
4/20/2025,0,0,253,0,462.1666667,hhANBj74wiclvfuDLGfuDlFZgJ62
4/21/2025,0,0,245,0,401.25,hhANBj74wiclvfuDLGfuDlFZgJ62
4/22/2025,341.2,31,178,66,415.4833333,hhANBj74wiclvfuDLGfuDlFZgJ62
4/23/2025,160.2166667,26,260,32,374,hhANBj74wiclvfuDLGfuDlFZgJ62
4/24/2025,367.8,0,198,9,336.6166667,hhANBj74wiclvfuDLGfuDlFZgJ62
4/25/2025,212.9,27,0,0,404.3,hhANBj74wiclvfuDLGfuDlFZgJ62
4/26/2025,233.9333333,37,140,20,440.4333333,hhANBj74wiclvfuDLGfuDlFZgJ62
4/27/2025,0,0,112,0,0,hhANBj74wiclvfuDLGfuDlFZgJ62
4/28/2025,176.9166667,43,155,0,528,hhANBj74wiclvfuDLGfuDlFZgJ62
